-- phpMyAdmin SQL Dump
-- version 5.0.2
-- https://www.phpmyadmin.net/
--
-- Host: 127.0.0.1
-- Generation Time: Jul 26, 2020 at 01:47 AM
-- Server version: 10.4.13-MariaDB
-- PHP Version: 7.4.7

SET SQL_MODE = "NO_AUTO_VALUE_ON_ZERO";
START TRANSACTION;
SET time_zone = "+00:00";


/*!40101 SET @OLD_CHARACTER_SET_CLIENT=@@CHARACTER_SET_CLIENT */;
/*!40101 SET @OLD_CHARACTER_SET_RESULTS=@@CHARACTER_SET_RESULTS */;
/*!40101 SET @OLD_COLLATION_CONNECTION=@@COLLATION_CONNECTION */;
/*!40101 SET NAMES utf8mb4 */;

--
-- Database: `erp`
--

-- --------------------------------------------------------

--
-- Table structure for table `address`
--

CREATE TABLE `address` (
  `id` int(11) NOT NULL,
  `block_no` varchar(30) NOT NULL,
  `street` varchar(25) NOT NULL,
  `city` varchar(25) NOT NULL,
  `pincode` int(6) NOT NULL,
  `state` varchar(25) NOT NULL,
  `country` varchar(25) NOT NULL,
  `town` varchar(25) NOT NULL,
  `created_at` datetime NOT NULL DEFAULT current_timestamp(),
  `updated_at` datetime NOT NULL DEFAULT current_timestamp(),
  `deleted` int(6) NOT NULL DEFAULT 0
) ENGINE=InnoDB DEFAULT CHARSET=latin1;

--
-- Dumping data for table `address`
--

INSERT INTO `address` (`id`, `block_no`, `street`, `city`, `pincode`, `state`, `country`, `town`, `created_at`, `updated_at`, `deleted`) VALUES
(1, 'A-303, Atharva Aptmt', 'Ganeshnagar', 'Thane', 421503, 'Maharashtra', 'India', 'Badlapur', '2019-12-31 14:14:47', '2019-12-31 14:14:47', 0),
(2, 'Room 3, R.S. Jadhav Chawl', 'Ganeshnagar', 'Mumbai', 400085, 'Maharashtra', 'India', 'Bhandup', '2019-12-31 14:14:47', '2019-12-31 14:14:47', 0),
(3, 'B-39/1', 'Deonar Colony', 'Mumbai', 400043, 'Maharashtra', 'India', 'Govandi', '2019-12-31 14:14:47', '2019-12-31 14:14:47', 0),
(4, 'B-202 Om Adardh C.H.S', 'Deonar Colony', 'Mumbai', 400043, 'Maharashtra', 'India', 'Govandi', '2019-12-31 14:14:47', '2019-12-31 14:14:47', 0),
(5, '115/3960, Geet Govind CHS', 'Tilak Nagar', 'Mumbai', 400089, 'Maharashtra', 'India', 'Chembur', '2019-12-31 14:14:47', '2019-12-31 14:14:47', 0),
(6, '7/1002, Ozone Valley', 'Parshik Nagar', 'Thane', 400605, 'Maharashtra', 'India', 'Kalwa', '2019-12-31 14:14:47', '2019-12-31 14:14:47', 0),
(7, 'B-12, Pramod Swapna', 'Gokhale Road', 'Mumbai', 400081, 'Maharashtra', 'India', 'Mulund', '2019-12-31 14:14:47', '2019-12-31 14:14:47', 0),
(8, '4, William Mansion', 'Majiwada', 'Thane', 400601, 'Maharashtra', 'India', 'Thane', '2019-12-31 14:14:47', '2019-12-31 14:14:47', 0),
(9, '578, Anand Nagar', 'Kopri Bridge', 'Thane', 400603, 'Maharashtra', 'India', 'Thane', '2019-12-31 14:14:47', '2019-12-31 14:14:47', 0),
(10, 'B/502, Satguru Sharan', 'Chaphekar Bandhu Road', 'Mumbai', 400080, 'Maharashtra', 'India', 'Mulund', '2019-12-31 14:14:47', '2019-12-31 14:14:47', 0),
(11, 'B/301, Grace', 'Vasant Oscar', 'Mumbai', 400080, 'Maharashtra', 'India', 'Mulund', '2019-12-31 14:14:47', '2019-12-31 14:14:47', 0),
(12, '180/2787/8B', 'Tagore Nagar', 'Mumbai', 400083, 'Maharashtra', 'India', 'Vikroli', '2019-12-31 14:14:47', '2019-12-31 14:14:47', 0),
(13, 'C/5, Nemvihar CHS', 'Murar Road', 'Mumbai', 400080, 'Maharashtra', 'India', 'Mulund', '2019-12-31 14:14:47', '2019-12-31 14:14:47', 0),
(14, 'CTC/456, Sainath Wadi', 'Powai Chowk', 'Mumbai', 400082, 'Maharashtra', 'India', 'Mulund', '2019-12-31 14:14:47', '2019-12-31 14:14:47', 0),
(15, '1/13, Jain Society', 'Camalane', 'Mumbai', 400086, 'Maharashtra', 'India', 'Ghatkopar', '2019-12-31 14:14:47', '2019-12-31 14:14:47', 0),
(16, '602, 10A', 'Hariyali Village', 'Mumbai', 400042, 'Maharashtra', 'India', 'Kanjurmarg', '2019-12-31 14:14:48', '2019-12-31 14:14:48', 0),
(17, '108/ Raj Sneha', 'SN Road', 'Mumbai', 400080, 'Maharashtra', 'India', 'Mulund', '2019-12-31 14:14:48', '2019-12-31 14:14:48', 0),
(18, '6, Vanik Niwas', 'Gurukul lane', 'Mumbai', 400077, 'Maharashtra', 'India', 'Ghatkopar', '2019-12-31 14:14:48', '2019-12-31 14:14:48', 0),
(19, '7, Vimal Villa', 'Dr Ambedkar Road', 'Mumbai', 400019, 'Maharashtra', 'India', 'Matunga', '2019-12-31 14:14:48', '2019-12-31 14:14:48', 0),
(20, '89/2658, Police Lane', 'PL Road', 'Mumbai', 400080, 'Maharashtra', 'India', 'Mulund', '2019-12-31 14:14:48', '2019-12-31 14:14:48', 0),
(21, '10, Ghanshyam Bhuvan', 'Devi Dayal Road', 'Mumbai', 400080, 'Maharashtra', 'India', 'Mulund', '2019-12-31 14:14:48', '2019-12-31 14:14:48', 0),
(22, 'Plot No-1011', 'Gaurishankar Khimji Chawl', 'Mumbai', 400080, 'Maharashtra', 'India', 'Mulund', '2019-12-31 14:14:48', '2019-12-31 14:14:48', 0),
(23, '502, Shanti Villa', 'Ganesh Gawde Road', 'Mumbai', 400080, 'Maharashtra', 'India', 'Mulund', '2019-12-31 14:14:48', '2019-12-31 14:14:48', 0),
(24, '23, Hira Sadan', 'RRT Road', 'Mumbai', 400080, 'Maharashtra', 'India', 'Mulund', '2019-12-31 14:14:48', '2019-12-31 14:14:48', 1),
(25, '69/C, Shree KL Niwas Gruh', 'Mazgoan Road', 'Mumbai', 400080, 'Maharashtra', 'India', 'Mulund', '2019-12-31 14:14:48', '2019-12-31 14:14:48', 0),
(26, 'Ram ratan Compund', 'SL Road', 'Mumbai', 400080, 'Maharashtra', 'India', 'Mulund', '2019-12-31 14:14:48', '2019-12-31 14:14:48', 0),
(27, '3/304, Shri Ram Nagar CHS', 'PK Road', 'Mumbai', 400080, 'Maharashtra', 'India', 'Mulund', '2019-12-31 14:14:48', '2019-12-31 14:14:48', 0),
(28, '301, Rugved Bhavan', 'GVS Road No. 1', 'Mumbai', 400081, 'Maharashtra', 'India', 'Mulund', '2019-12-31 14:14:48', '2019-12-31 14:14:48', 0),
(29, 'B/3, 20, Swaroop CHS', 'Mhada', 'Mumbai', 400081, 'Maharashtra', 'India', 'Mulund', '2019-12-31 14:14:48', '2019-12-31 14:14:48', 0),
(30, '2, Amravan Society', 'Thakurwadi', 'Mumbai', 421202, 'Maharashtra', 'India', 'Dombivili', '2019-12-31 14:14:48', '2019-12-31 14:14:48', 0),
(31, 'A-501, Priyanka CHS', 'Mhada', 'Mumbai', 400081, 'Maharashtra', 'India', 'Mulund', '2019-12-31 14:14:48', '2019-12-31 14:14:48', 0),
(32, 'B-303, Shiv Shakti Apts', 'Dr. RP Road', 'Mumbai', 400080, 'Maharashtra', 'India', 'Mulund', '2019-12-31 14:14:48', '2019-12-31 14:14:48', 0),
(33, '4, Sanjiv Sadan', 'BP Cross', 'Mumbai', 400080, 'Maharashtra', 'India', 'Mulund', '2019-12-31 14:14:48', '2019-12-31 14:14:48', 0),
(34, 'A/3, Sujata Apt', 'Vidhalya Marg', 'Mumbai', 400081, 'Maharashtra', 'India', 'Mulund', '2019-12-31 14:14:48', '2019-12-31 14:14:48', 0),
(35, 'A-1, Kavita Kiran CHS', 'Neelam Nagar', 'Mumbai', 400081, 'Maharashtra', 'India', 'Mulund', '2019-12-31 14:14:48', '2019-12-31 14:14:48', 0),
(36, 'C-105, Jalaram Park', 'LBS Road', 'Mumbai', 400078, 'Maharashtra', 'India', 'Bhandup', '2019-12-31 14:14:48', '2019-12-31 14:14:48', 0),
(37, 'C-5, Anubhav Society', 'Zaver Road', 'Mumbai', 400080, 'Maharashtra', 'India', 'Mulund', '2019-12-31 14:14:48', '2019-12-31 14:14:48', 0),
(38, 'B/203, Raj Rajeshwari', 'PK Road', 'Mumbai', 400081, 'Maharashtra', 'India', 'Mulund', '2019-12-31 14:14:48', '2019-12-31 14:14:48', 0),
(39, '10/11, Gajanan Niwas', 'SD Road', 'Mumbai', 400081, 'Maharashtra', 'India', 'Mulund', '2019-12-31 14:14:48', '2019-12-31 14:14:48', 0),
(40, 'H/6, Gurupushyamrut Society', 'SD Road', 'Mumbai', 400081, 'Maharashtra', 'India', 'Mulund', '2019-12-31 14:14:48', '2019-12-31 14:14:48', 0),
(41, '3/5, Beena Kumari', 'MP Road', 'Mumbai', 400081, 'Maharashtra', 'India', 'Mulund', '2019-12-31 14:14:48', '2019-12-31 14:14:48', 0),
(42, '1876/C41', 'Shiv Colony', 'Mumbai', 400708, 'Maharashtra', 'India', 'Airoli', '2019-12-31 14:14:49', '2019-12-31 14:14:49', 0),
(43, 'B/6, Neeldhara', '60 feet Road', 'Mumbai', 400077, 'Maharashtra', 'India', 'Ghatkopar', '2019-12-31 14:14:49', '2019-12-31 14:14:49', 0),
(44, 'A-904, Orbit Tower', 'Garodia Nagar', 'Mumbai', 400077, 'Maharashtra', 'India', 'Ghatkopar', '2019-12-31 14:14:49', '2019-12-31 14:14:49', 0),
(45, '503/204, Udhyan Darshan', 'RN Narkar Road', 'Mumbai', 400075, 'Maharashtra', 'India', 'Ghatkopar', '2019-12-31 14:14:49', '2019-12-31 14:14:49', 0),
(46, '209/5659 Anita Kutir', 'Odean Cinema', 'Mumbai', 400077, 'Maharashtra', 'India', 'Ghatkopar', '2019-12-31 14:14:49', '2019-12-31 14:14:49', 0),
(47, '505, Shobha Suman', 'MM Malviya Road', 'Mumbai', 400080, 'Maharashtra', 'India', 'Mulund', '2019-12-31 14:14:49', '2019-12-31 14:14:49', 0),
(48, 'B/4, Dattguru Society', 'JN Road', 'Mumbai', 400080, 'Maharashtra', 'India', 'Mulund', '2019-12-31 14:14:49', '2019-12-31 14:14:49', 0),
(49, 'A-4, Gala Nagar', 'JN Road', 'Mumbai', 400080, 'Maharashtra', 'India', 'Mulund', '2019-12-31 14:14:49', '2019-12-31 14:14:49', 0),
(50, 'Krushna Vijay Niwas', 'Shivaji Nagar', 'Thane', 400603, 'Maharashtra', 'India', 'Thane', '2019-12-31 14:14:49', '2019-12-31 14:14:49', 0),
(51, 'A/16, Chhatrapati Shivaji', 'Kopri Colony', 'Thane', 400603, 'Maharashtra', 'India', 'Thane', '2019-12-31 14:14:49', '2019-12-31 14:14:49', 0),
(52, '1,4, Jai Bhawani Marg', 'Mulund colony', 'Mumbai', 400082, 'Maharashtra', 'India', 'Mulund', '2019-12-31 14:14:49', '2019-12-31 14:14:49', 0),
(53, 'C/G Gokul Ashish', 'Dr RP Road', 'Mumbai', 400080, 'Maharashtra', 'India', 'Mulund', '2019-12-31 14:14:49', '2019-12-31 14:14:49', 0),
(54, 'A/7, Plot 14, Geetanjali', 'Mhada colony', 'Mumbai', 400081, 'Maharashtra', 'India', 'Mulund', '2019-12-31 14:14:49', '2019-12-31 14:14:49', 0),
(55, 'B/501, Vasant Vihar Apt', 'GP Road', 'Mumbai', 400080, 'Maharashtra', 'India', 'Mulund', '2019-12-31 14:14:49', '2019-12-31 14:14:49', 0),
(56, 'B-18, Om Adishakti', 'DP Road', 'Mumbai', 400081, 'Maharashtra', 'India', 'Mulund', '2019-12-31 14:14:49', '2019-12-31 14:14:49', 0),
(57, 'C/6, Om Adishakti', 'Vidhalaya Marg', 'Mumbai', 400081, 'Maharashtra', 'India', 'Mulund', '2019-12-31 14:14:49', '2019-12-31 14:14:49', 0),
(58, '1916, Powai Chowk', 'Mulund Colony', 'Mumbai', 400082, 'Maharashtra', 'India', 'Mulund', '2019-12-31 14:14:49', '2019-12-31 14:14:49', 0),
(59, '55, Vanaria', 'Nahur Road', 'Mumbai', 400080, 'Maharashtra', 'India', 'Mulund', '2019-12-31 14:14:49', '2019-12-31 14:14:49', 0),
(60, 'B/104, Sneh Bandhan', 'Mhada', 'Mumbai', 400081, 'Maharashtra', 'India', 'Mulund', '2019-12-31 15:13:35', '2019-12-31 15:13:35', 0),
(61, '104, Vaity Apt', 'Chafekar Bandhu Marg', 'Mumbai', 400081, 'Maharashtra', 'India', 'Mulund', '2019-12-31 15:13:35', '2019-12-31 15:13:35', 0),
(62, 'B/204, Navjeevan Society', 'Sector-19', 'Mumbai', 400708, 'Maharashtra', 'India', 'Airoli', '2019-12-31 15:13:35', '2019-12-31 15:13:35', 0),
(63, 'D/904, Sainath Tower', 'Neelam Nagar', 'Mumbai', 400081, 'Maharashtra', 'India', 'Mulund', '2019-12-31 15:13:35', '2019-12-31 15:13:35', 0),
(64, '303 B, Sainath Heights', 'Neelam Nagar', 'Mumbai', 400081, 'Maharashtra', 'India', 'Mulund', '2019-12-31 15:13:35', '2019-12-31 15:13:35', 0),
(65, '2, Sai Niwas Chawl', 'Gavdevi Road', 'Mumbai', 400078, 'Maharashtra', 'India', 'Bhandup', '2019-12-31 15:13:35', '2019-12-31 15:13:35', 0),
(66, '502, Shanti Villa', 'Fincher Road', 'Mumbai', 400086, 'Maharashtra', 'India', 'Mulund', '2020-05-19 11:52:41', '2020-05-19 11:52:41', 0),
(67, 'A9', 'Fincher Road', 'Mumbai', 400086, 'Maharashtra', 'India', 'Mulund', '2020-05-21 10:26:15', '2020-05-21 10:26:15', 0);

-- --------------------------------------------------------

--
-- Table structure for table `address_customer`
--

CREATE TABLE `address_customer` (
  `id` int(11) NOT NULL,
  `address_id` int(11) NOT NULL,
  `customer_id` int(11) NOT NULL
) ENGINE=InnoDB DEFAULT CHARSET=latin1;

--
-- Dumping data for table `address_customer`
--

INSERT INTO `address_customer` (`id`, `address_id`, `customer_id`) VALUES
(1, 1, 1),
(2, 2, 2),
(3, 3, 3),
(4, 4, 4),
(5, 5, 5),
(6, 6, 6),
(7, 7, 7),
(8, 8, 8),
(9, 9, 9),
(10, 10, 10),
(11, 11, 11),
(12, 12, 12),
(13, 13, 13),
(14, 14, 14),
(15, 15, 15),
(16, 16, 16),
(17, 17, 17),
(18, 18, 18),
(19, 19, 19),
(20, 20, 20),
(21, 21, 21),
(22, 22, 22),
(23, 23, 23),
(25, 25, 25),
(26, 26, 26),
(27, 27, 27),
(28, 28, 28),
(29, 29, 29),
(30, 67, 30);

-- --------------------------------------------------------

--
-- Table structure for table `address_supplier`
--

CREATE TABLE `address_supplier` (
  `id` int(11) NOT NULL,
  `address_id` int(11) NOT NULL,
  `supplier_id` int(11) NOT NULL
) ENGINE=InnoDB DEFAULT CHARSET=latin1;

--
-- Dumping data for table `address_supplier`
--

INSERT INTO `address_supplier` (`id`, `address_id`, `supplier_id`) VALUES
(1, 30, 1),
(2, 31, 2),
(3, 32, 3),
(4, 33, 4),
(5, 34, 5),
(6, 35, 6),
(7, 36, 7),
(8, 37, 8),
(9, 38, 9),
(10, 39, 10),
(11, 40, 11),
(12, 41, 12),
(13, 42, 13),
(14, 43, 14),
(15, 44, 15),
(16, 45, 16),
(17, 46, 17),
(18, 47, 18),
(19, 48, 19),
(20, 49, 20),
(21, 50, 21),
(22, 51, 22),
(23, 52, 23),
(24, 53, 24),
(25, 54, 25),
(26, 55, 26),
(27, 56, 27),
(28, 57, 28),
(29, 58, 29),
(30, 59, 30),
(31, 66, 31);

-- --------------------------------------------------------

--
-- Table structure for table `category`
--

CREATE TABLE `category` (
  `id` int(11) NOT NULL,
  `name` varchar(255) NOT NULL,
  `deleted` int(5) NOT NULL DEFAULT 0,
  `created_at` datetime NOT NULL DEFAULT current_timestamp(),
  `updated_at` datetime NOT NULL DEFAULT current_timestamp()
) ENGINE=InnoDB DEFAULT CHARSET=latin1;

--
-- Dumping data for table `category`
--

INSERT INTO `category` (`id`, `name`, `deleted`, `created_at`, `updated_at`) VALUES
(1, 'Laptop', 1, '2019-12-31 13:10:59', '2019-12-31 13:10:59'),
(2, 'Monitor', 1, '2019-12-31 13:10:59', '2019-12-31 13:10:59'),
(3, 'Keyboard', 1, '2019-12-31 13:10:59', '2019-12-31 13:10:59'),
(4, 'Mouse', 1, '2019-12-31 13:10:59', '2019-12-31 13:10:59'),
(5, 'Motherboard', 1, '2019-12-31 13:11:00', '2019-12-31 13:11:00'),
(6, 'RAM', 1, '2019-12-31 13:11:00', '2019-12-31 13:11:00'),
(7, 'Hard Disk', 1, '2019-12-31 13:11:00', '2019-12-31 13:11:00'),
(8, 'Processor', 1, '2019-12-31 13:11:00', '2019-12-31 13:11:00'),
(9, 'Speakers', 1, '2019-12-31 13:11:00', '2019-12-31 13:11:00'),
(10, 'Printer', 1, '2019-12-31 13:11:00', '2019-12-31 13:11:00'),
(11, 'Scanner', 1, '2020-02-15 13:16:54', '2020-02-15 13:16:54'),
(12, 'Yes Thats Working', 1, '2020-02-15 13:55:59', '2020-02-15 13:55:59'),
(13, 'Jatin', 1, '2020-02-15 14:03:27', '2020-02-15 14:03:27'),
(16, 'Headphones', 1, '2020-03-06 17:12:53', '2020-03-06 17:12:53'),
(17, 'Safe housing', 0, '2020-07-26 00:14:10', '2020-07-26 00:14:10'),
(18, 'Transport treatment', 0, '2020-07-26 00:15:41', '2020-07-26 00:15:41'),
(19, 'Cooking facility', 0, '2020-07-26 00:15:51', '2020-07-26 00:15:51'),
(20, 'Value education', 0, '2020-07-26 00:16:09', '2020-07-26 00:16:09'),
(21, 'Counselling', 0, '2020-07-26 00:16:21', '2020-07-26 00:16:21');

-- --------------------------------------------------------

--
-- Table structure for table `cheque_details`
--

CREATE TABLE `cheque_details` (
  `id` int(11) NOT NULL,
  `payment_id` int(11) NOT NULL,
  `cheque_no` int(6) NOT NULL,
  `cheque_date` date NOT NULL,
  `bank_name` varchar(40) NOT NULL,
  `created_at` datetime NOT NULL DEFAULT current_timestamp(),
  `updated_at` datetime NOT NULL DEFAULT current_timestamp(),
  `deleted` int(6) NOT NULL DEFAULT 0
) ENGINE=InnoDB DEFAULT CHARSET=latin1;

--
-- Dumping data for table `cheque_details`
--

INSERT INTO `cheque_details` (`id`, `payment_id`, `cheque_no`, `cheque_date`, `bank_name`, `created_at`, `updated_at`, `deleted`) VALUES
(1, 1, 100013, '2020-01-08', 'ICICI Bank', '2020-01-01 20:58:02', '2020-01-01 20:58:02', 0),
(2, 4, 100039, '2020-01-15', 'SBI', '2020-01-01 20:58:02', '2020-01-01 20:58:02', 0),
(3, 5, 100039, '2020-01-17', 'ICICI Bank', '2020-01-01 20:58:02', '2020-01-01 20:58:02', 0),
(4, 10, 100078, '2020-01-02', 'ICICI Bank', '2020-01-01 20:58:02', '2020-01-01 20:58:02', 0),
(5, 11, 100078, '2020-01-02', 'Dena Bank', '2020-01-01 20:58:02', '2020-01-01 20:58:02', 0),
(6, 12, 100091, '2020-01-20', 'SBI', '2020-01-01 20:58:02', '2020-01-01 20:58:02', 0),
(7, 13, 100091, '2020-01-13', 'Bank Of Baroda', '2020-01-01 20:58:03', '2020-01-01 20:58:03', 0),
(8, 15, 100104, '2020-01-05', 'Canara Bank', '2020-01-01 20:58:03', '2020-01-01 20:58:03', 0),
(9, 21, 100156, '2020-01-07', 'HDFC Bank', '2020-01-01 20:58:03', '2020-01-01 20:58:03', 0),
(10, 22, 100169, '2020-01-04', 'Axis Bank', '2020-01-01 20:58:03', '2020-01-01 20:58:03', 0),
(11, 24, 100182, '2020-01-18', 'Yes Bank', '2020-01-01 20:58:03', '2020-01-01 20:58:03', 0),
(12, 27, 100208, '2020-01-20', 'Dena Bank', '2020-01-01 20:58:03', '2020-01-01 20:58:03', 0),
(13, 29, 100221, '2020-01-10', 'Axis Bank', '2020-01-01 20:58:03', '2020-01-01 20:58:03', 0),
(14, 30, 100234, '2020-01-17', 'Laxmi Vilas Bank', '2020-01-01 20:58:03', '2020-01-01 20:58:03', 0),
(15, 32, 100247, '2020-01-11', 'Yes Bank', '2020-01-01 20:58:03', '2020-01-01 20:58:03', 0),
(16, 33, 100260, '2020-01-18', 'Laxmi Vilas Bank', '2020-01-01 20:58:03', '2020-01-01 20:58:03', 0),
(17, 34, 100273, '2020-01-15', 'Axis Bank', '2020-01-01 20:58:03', '2020-01-01 20:58:03', 0),
(18, 36, 100286, '2020-01-18', 'HDFC Bank', '2020-01-01 20:58:03', '2020-01-01 20:58:03', 0),
(19, 37, 100299, '2020-01-09', 'ICICI Bank', '2020-01-01 20:58:03', '2020-01-01 20:58:03', 0),
(20, 39, 100312, '2020-01-11', 'SBI', '2020-01-01 20:58:03', '2020-01-01 20:58:03', 0),
(21, 40, 100312, '2020-01-18', 'ICICI Bank', '2020-01-01 20:58:03', '2020-01-01 20:58:03', 0),
(22, 42, 100338, '2020-01-05', 'Yes Bank', '2020-01-01 20:58:03', '2020-01-01 20:58:03', 0),
(23, 43, 100338, '2020-01-13', 'Yes Bank', '2020-01-01 20:58:03', '2020-01-01 20:58:03', 0),
(24, 46, 100364, '2020-01-18', 'SBI', '2020-01-01 20:58:03', '2020-01-01 20:58:03', 0),
(25, 49, 100403, '2020-01-05', 'SBI', '2020-01-01 20:58:03', '2020-01-01 20:58:03', 0),
(26, 50, 100403, '2020-01-18', 'Dena Bank', '2020-01-01 20:58:03', '2020-01-01 20:58:03', 0),
(27, 52, 100416, '2020-01-16', 'ICICI Bank', '2020-01-01 20:58:03', '2020-01-01 20:58:03', 0),
(28, 55, 100442, '2020-01-14', 'Laxmi Vilas Bank', '2020-01-01 20:58:03', '2020-01-01 20:58:03', 0),
(29, 58, 100468, '2020-01-12', 'Bank Of Baroda', '2020-01-01 20:58:03', '2020-01-01 20:58:03', 0),
(30, 62, 100494, '2020-01-16', 'Yes Bank', '2020-01-01 20:58:04', '2020-01-01 20:58:04', 0),
(31, 66, 100533, '2020-01-03', 'ICICI Bank', '2020-01-01 20:58:04', '2020-01-01 20:58:04', 0),
(32, 69, 100559, '2020-01-04', 'Dena Bank', '2020-01-01 20:58:04', '2020-01-01 20:58:04', 0),
(33, 70, 100559, '2020-01-03', 'HDFC Bank', '2020-01-01 20:58:04', '2020-01-01 20:58:04', 0),
(34, 72, 100585, '2020-01-11', 'Saraswat Bank', '2020-01-01 20:58:04', '2020-01-01 20:58:04', 0),
(35, 73, 100585, '2020-01-15', 'Axis Bank', '2020-01-01 20:58:04', '2020-01-01 20:58:04', 0),
(36, 74, 100598, '2020-01-03', 'Dena Bank', '2020-01-01 20:58:04', '2020-01-01 20:58:04', 0),
(37, 75, 100598, '2020-01-10', 'Yes Bank', '2020-01-01 20:58:04', '2020-01-01 20:58:04', 0),
(38, 76, 100611, '2020-01-05', 'SBI', '2020-01-01 20:58:04', '2020-01-01 20:58:04', 0),
(39, 77, 100624, '2020-01-02', 'HDFC Bank', '2020-01-01 20:58:04', '2020-01-01 20:58:04', 0),
(40, 78, 100637, '2020-01-03', 'Laxmi Vilas Bank', '2020-01-01 20:58:04', '2020-01-01 20:58:04', 0),
(41, 79, 100637, '2020-01-11', 'Canara Bank', '2020-01-01 20:58:04', '2020-01-01 20:58:04', 0),
(42, 80, 100650, '2020-01-08', 'Dena Bank', '2020-01-01 20:58:04', '2020-01-01 20:58:04', 0),
(43, 81, 100663, '2020-01-14', 'Saraswat Bank', '2020-01-01 20:58:04', '2020-01-01 20:58:04', 0),
(44, 82, 100676, '2020-01-11', 'Yes Bank', '2020-01-01 20:58:04', '2020-01-01 20:58:04', 0),
(45, 85, 100702, '2020-01-18', 'Canara Bank', '2020-01-01 20:58:04', '2020-01-01 20:58:04', 0),
(46, 87, 100715, '2020-01-05', 'Laxmi Vilas Bank', '2020-01-01 20:58:04', '2020-01-01 20:58:04', 0),
(47, 88, 100728, '2020-01-05', 'Canara Bank', '2020-01-01 20:58:04', '2020-01-01 20:58:04', 0),
(48, 92, 100754, '2020-01-03', 'Saraswat Bank', '2020-01-01 20:58:04', '2020-01-01 20:58:04', 0),
(49, 93, 100767, '2020-01-16', 'Dena Bank', '2020-01-01 20:58:05', '2020-01-01 20:58:05', 0),
(50, 94, 100767, '2020-01-19', 'Bank Of Baroda', '2020-01-01 20:58:05', '2020-01-01 20:58:05', 0),
(51, 95, 100780, '2020-01-18', 'HDFC Bank', '2020-01-01 20:58:05', '2020-01-01 20:58:05', 0),
(52, 101, 100832, '2020-01-09', 'Laxmi Vilas Bank', '2020-01-01 20:58:05', '2020-01-01 20:58:05', 0),
(53, 103, 100845, '2020-01-19', 'Saraswat Bank', '2020-01-01 20:58:05', '2020-01-01 20:58:05', 0),
(54, 105, 100858, '2020-01-06', 'Bank Of Baroda', '2020-01-01 20:58:05', '2020-01-01 20:58:05', 0),
(55, 106, 100871, '2020-01-17', 'Laxmi Vilas Bank', '2020-01-01 20:58:05', '2020-01-01 20:58:05', 0),
(56, 108, 100897, '2020-01-20', 'Laxmi Vilas Bank', '2020-01-01 20:58:05', '2020-01-01 20:58:05', 0),
(57, 109, 100897, '2020-01-18', 'HDFC Bank', '2020-01-01 20:58:05', '2020-01-01 20:58:05', 0),
(58, 112, 100936, '2020-01-15', 'Canara Bank', '2020-01-01 20:58:05', '2020-01-01 20:58:05', 0),
(59, 113, 100949, '2020-01-19', 'HDFC Bank', '2020-01-01 20:58:05', '2020-01-01 20:58:05', 0),
(60, 118, 101014, '2020-01-14', 'Canara Bank', '2020-01-01 20:58:05', '2020-01-01 20:58:05', 0),
(61, 119, 101027, '2020-01-06', 'Saraswat Bank', '2020-01-01 20:58:05', '2020-01-01 20:58:05', 0),
(62, 120, 101040, '2020-01-08', 'Saraswat Bank', '2020-01-01 20:58:05', '2020-01-01 20:58:05', 0),
(63, 121, 101053, '2020-01-07', 'Yes Bank', '2020-01-01 20:58:05', '2020-01-01 20:58:05', 0),
(64, 122, 101066, '2020-01-08', 'Dena Bank', '2020-01-01 20:58:06', '2020-01-01 20:58:06', 0),
(65, 123, 101079, '2020-01-04', 'Yes Bank', '2020-01-01 20:58:06', '2020-01-01 20:58:06', 0),
(66, 124, 101092, '2020-01-14', 'Axis Bank', '2020-01-01 20:58:06', '2020-01-01 20:58:06', 0),
(67, 125, 101105, '2020-01-03', 'SBI', '2020-01-01 20:58:06', '2020-01-01 20:58:06', 0),
(68, 127, 101131, '2020-01-17', 'Yes Bank', '2020-01-01 20:58:06', '2020-01-01 20:58:06', 0),
(69, 130, 101170, '2020-01-20', 'Bank Of Baroda', '2020-01-01 20:58:06', '2020-01-01 20:58:06', 0),
(70, 131, 101183, '2020-01-14', 'Laxmi Vilas Bank', '2020-01-01 20:58:06', '2020-01-01 20:58:06', 0),
(71, 136, 101248, '2020-01-16', 'Axis Bank', '2020-01-01 20:58:06', '2020-01-01 20:58:06', 0),
(72, 137, 101261, '2020-01-06', 'Laxmi Vilas Bank', '2020-01-01 20:58:06', '2020-01-01 20:58:06', 0),
(73, 138, 101274, '2020-01-11', 'ICICI Bank', '2020-01-01 20:58:06', '2020-01-01 20:58:06', 0),
(74, 139, 101287, '2020-01-03', 'Dena Bank', '2020-01-01 20:58:06', '2020-01-01 20:58:06', 0),
(75, 140, 101300, '2020-01-12', 'Axis Bank', '2020-01-01 20:58:06', '2020-01-01 20:58:06', 0),
(76, 141, 101313, '2020-01-11', 'Bank Of Baroda', '2020-01-01 20:58:06', '2020-01-01 20:58:06', 0),
(77, 146, 101378, '2020-01-19', 'HDFC Bank', '2020-01-01 20:58:06', '2020-01-01 20:58:06', 0),
(78, 148, 101404, '2020-01-13', 'Axis Bank', '2020-01-01 20:58:06', '2020-01-01 20:58:06', 0),
(79, 149, 101417, '2020-01-05', 'SBI', '2020-01-01 20:58:06', '2020-01-01 20:58:06', 0),
(80, 150, 101430, '2020-01-07', 'ICICI Bank', '2020-01-01 20:58:06', '2020-01-01 20:58:06', 0),
(81, 151, 101443, '2020-01-02', 'Bank Of Baroda', '2020-01-01 20:58:07', '2020-01-01 20:58:07', 0),
(82, 154, 101482, '2020-01-03', 'Axis Bank', '2020-01-01 20:58:07', '2020-01-01 20:58:07', 0),
(83, 155, 101495, '2020-01-17', 'Yes Bank', '2020-01-01 20:58:07', '2020-01-01 20:58:07', 0),
(84, 156, 101508, '2020-01-19', 'HDFC Bank', '2020-01-01 20:58:07', '2020-01-01 20:58:07', 0),
(85, 157, 101521, '2020-01-08', 'Yes Bank', '2020-01-01 20:58:07', '2020-01-01 20:58:07', 0),
(86, 159, 101547, '2020-01-16', 'Canara Bank', '2020-01-01 20:58:07', '2020-01-01 20:58:07', 0),
(87, 161, 101573, '2020-01-09', 'Axis Bank', '2020-01-01 20:58:07', '2020-01-01 20:58:07', 0),
(88, 163, 101599, '2020-01-15', 'Dena Bank', '2020-01-01 20:58:07', '2020-01-01 20:58:07', 0),
(89, 164, 101612, '2020-01-02', 'Axis Bank', '2020-01-01 20:58:07', '2020-01-01 20:58:07', 0),
(90, 165, 101625, '2020-01-07', 'HDFC Bank', '2020-01-01 20:58:07', '2020-01-01 20:58:07', 0),
(91, 166, 101638, '2020-01-08', 'ICICI Bank', '2020-01-01 20:58:07', '2020-01-01 20:58:07', 0),
(92, 167, 101651, '2020-01-14', 'Saraswat Bank', '2020-01-01 20:58:07', '2020-01-01 20:58:07', 0),
(93, 168, 101664, '2020-01-08', 'Axis Bank', '2020-01-01 20:58:07', '2020-01-01 20:58:07', 0),
(94, 170, 101690, '2020-01-04', 'ICICI Bank', '2020-01-01 20:58:07', '2020-01-01 20:58:07', 0),
(95, 171, 101703, '2020-01-16', 'ICICI Bank', '2020-01-01 20:58:07', '2020-01-01 20:58:07', 0),
(96, 175, 101755, '2020-01-15', 'ICICI Bank', '2020-01-01 20:58:07', '2020-01-01 20:58:07', 0),
(97, 176, 101768, '2020-01-03', 'ICICI Bank', '2020-01-01 20:58:07', '2020-01-01 20:58:07', 0),
(98, 181, 101833, '2020-01-07', 'Laxmi Vilas Bank', '2020-01-01 20:58:07', '2020-01-01 20:58:07', 0),
(99, 183, 101859, '2020-01-13', 'Axis Bank', '2020-01-01 20:58:08', '2020-01-01 20:58:08', 0),
(100, 186, 101898, '2020-01-13', 'HDFC Bank', '2020-01-01 20:58:08', '2020-01-01 20:58:08', 0),
(101, 188, 101924, '2020-01-15', 'Saraswat Bank', '2020-01-01 20:58:08', '2020-01-01 20:58:08', 0),
(102, 191, 101963, '2020-01-03', 'Laxmi Vilas Bank', '2020-01-01 20:58:08', '2020-01-01 20:58:08', 0),
(103, 194, 102002, '2020-01-06', 'HDFC Bank', '2020-01-01 20:58:08', '2020-01-01 20:58:08', 0),
(104, 196, 102028, '2020-01-13', 'Dena Bank', '2020-01-01 20:58:08', '2020-01-01 20:58:08', 0),
(105, 199, 102067, '2020-01-17', 'ICICI Bank', '2020-01-01 20:58:08', '2020-01-01 20:58:08', 0),
(106, 202, 102106, '2020-01-12', 'Dena Bank', '2020-01-01 20:58:08', '2020-01-01 20:58:08', 0),
(107, 204, 102132, '2020-01-13', 'HDFC Bank', '2020-01-01 20:58:08', '2020-01-01 20:58:08', 0),
(108, 206, 102158, '2020-01-06', 'ICICI Bank', '2020-01-01 20:58:08', '2020-01-01 20:58:08', 0),
(109, 208, 102184, '2020-01-08', 'SBI', '2020-01-01 20:58:08', '2020-01-01 20:58:08', 0),
(110, 209, 102197, '2020-01-09', 'ICICI Bank', '2020-01-01 20:58:08', '2020-01-01 20:58:08', 0),
(111, 211, 102223, '2020-01-07', 'Yes Bank', '2020-01-01 20:58:08', '2020-01-01 20:58:08', 0),
(112, 212, 102236, '2020-01-20', 'HDFC Bank', '2020-01-01 20:58:08', '2020-01-01 20:58:08', 0),
(113, 213, 102249, '2020-01-13', 'Dena Bank', '2020-01-01 20:58:08', '2020-01-01 20:58:08', 0),
(114, 216, 102288, '2020-01-08', 'Axis Bank', '2020-01-01 20:58:08', '2020-01-01 20:58:08', 0),
(115, 224, 102392, '2020-01-10', 'Dena Bank', '2020-01-01 20:58:08', '2020-01-01 20:58:08', 0),
(116, 228, 102444, '2020-01-10', 'Bank Of Baroda', '2020-01-01 20:58:08', '2020-01-01 20:58:08', 0),
(117, 230, 102470, '2020-01-03', 'ICICI Bank', '2020-01-01 20:58:08', '2020-01-01 20:58:08', 0),
(118, 232, 102496, '2020-01-02', 'Yes Bank', '2020-01-01 20:58:08', '2020-01-01 20:58:08', 0),
(119, 233, 102509, '2020-01-18', 'Yes Bank', '2020-01-01 20:58:08', '2020-01-01 20:58:08', 0),
(120, 239, 102587, '2020-01-12', 'HDFC Bank', '2020-01-01 20:58:08', '2020-01-01 20:58:08', 0),
(121, 240, 102600, '2020-01-15', 'Dena Bank', '2020-01-01 20:58:08', '2020-01-01 20:58:08', 0),
(122, 241, 102613, '2020-01-19', 'Axis Bank', '2020-01-01 20:58:09', '2020-01-01 20:58:09', 0),
(123, 242, 102626, '2020-01-02', 'Axis Bank', '2020-01-01 20:58:09', '2020-01-01 20:58:09', 0),
(124, 243, 102639, '2020-01-09', 'SBI', '2020-01-01 20:58:09', '2020-01-01 20:58:09', 0),
(125, 246, 102678, '2020-01-04', 'ICICI Bank', '2020-01-01 20:58:09', '2020-01-01 20:58:09', 0),
(126, 247, 102691, '2020-01-10', 'Yes Bank', '2020-01-01 20:58:09', '2020-01-01 20:58:09', 0),
(127, 248, 102704, '2020-01-20', 'Yes Bank', '2020-01-01 20:58:09', '2020-01-01 20:58:09', 0),
(128, 249, 102717, '2020-01-17', 'Laxmi Vilas Bank', '2020-01-01 20:58:09', '2020-01-01 20:58:09', 0),
(129, 250, 102730, '2020-01-04', 'ICICI Bank', '2020-01-01 20:58:09', '2020-01-01 20:58:09', 0),
(130, 254, 102782, '2020-01-06', 'Dena Bank', '2020-01-01 20:58:09', '2020-01-01 20:58:09', 0),
(131, 257, 102821, '2020-01-16', 'HDFC Bank', '2020-01-01 20:58:09', '2020-01-01 20:58:09', 0),
(132, 260, 102860, '2020-01-15', 'Bank Of Baroda', '2020-01-01 20:58:09', '2020-01-01 20:58:09', 0),
(133, 263, 102899, '2020-01-10', 'Bank Of Baroda', '2020-01-01 20:58:09', '2020-01-01 20:58:09', 0),
(134, 266, 102938, '2020-01-06', 'HDFC Bank', '2020-01-01 20:58:09', '2020-01-01 20:58:09', 0),
(135, 267, 102951, '2020-01-11', 'Saraswat Bank', '2020-01-01 20:58:09', '2020-01-01 20:58:09', 0),
(136, 268, 102964, '2020-01-03', 'Canara Bank', '2020-01-01 20:58:09', '2020-01-01 20:58:09', 0),
(137, 270, 102990, '2020-01-18', 'Yes Bank', '2020-01-01 20:58:09', '2020-01-01 20:58:09', 0),
(138, 273, 103029, '2020-01-17', 'Saraswat Bank', '2020-01-01 20:58:09', '2020-01-01 20:58:09', 0),
(139, 277, 103081, '2020-01-10', 'Dena Bank', '2020-01-01 20:58:09', '2020-01-01 20:58:09', 0),
(140, 278, 103094, '2020-01-12', 'Yes Bank', '2020-01-01 20:58:09', '2020-01-01 20:58:09', 0),
(141, 279, 103107, '2020-01-05', 'Saraswat Bank', '2020-01-01 20:58:09', '2020-01-01 20:58:09', 0),
(142, 280, 103120, '2020-01-19', 'Bank Of Baroda', '2020-01-01 20:58:09', '2020-01-01 20:58:09', 0),
(143, 282, 103146, '2020-01-11', 'Axis Bank', '2020-01-01 20:58:09', '2020-01-01 20:58:09', 0);

-- --------------------------------------------------------

--
-- Table structure for table `customers`
--

CREATE TABLE `customers` (
  `id` int(11) NOT NULL,
  `first_name` varchar(25) NOT NULL,
  `last_name` varchar(25) NOT NULL,
  `phone_no` varchar(15) NOT NULL,
  `email_id` varchar(40) NOT NULL,
  `gender` varchar(10) NOT NULL,
  `deleted` int(6) NOT NULL DEFAULT 0,
  `created_at` datetime NOT NULL DEFAULT current_timestamp(),
  `updated_at` datetime NOT NULL DEFAULT current_timestamp()
) ENGINE=InnoDB DEFAULT CHARSET=latin1;

--
-- Dumping data for table `customers`
--

INSERT INTO `customers` (`id`, `first_name`, `last_name`, `phone_no`, `email_id`, `gender`, `deleted`, `created_at`, `updated_at`) VALUES
(1, 'Mayur', 'Netake', '9561357946', 'mayurnetake20@gmail.com', 'Male', 0, '2019-07-01 17:07:43', '2020-01-01 17:07:43'),
(2, 'Anand', 'Jadhav', '9869337465', 'anandjadhav@gmail.com', 'Male', 0, '2019-07-08 17:07:43', '2020-01-01 17:07:43'),
(3, 'Tejal', 'Ahire', '9930474712', 'a.tejal28@gmail.com', 'Female', 0, '2019-07-15 17:07:43', '2020-01-01 17:07:43'),
(4, 'Prathamesh', 'Kulkarni', '8976243727', 'kulkarniprathamesh02@gmail.com', 'Male', 0, '2019-07-22 17:07:44', '2020-01-01 17:07:44'),
(5, 'Rujul', 'Chouthai', '9820672229', 'sanjaychouthai@yahoo.com', 'Female', 0, '2019-07-29 17:07:44', '2020-01-01 17:07:44'),
(6, 'Saurabh', 'Wadhawane', '9920356329', 'saurabhwadhawane2011@gmail.com', 'Male', 0, '2019-08-01 17:07:44', '2020-01-01 17:07:44'),
(7, 'Tanmay', 'Kokate', '9769764344', 'tanmaykokate@gmail.com', 'Male', 0, '2019-08-08 17:07:44', '2020-01-01 17:07:44'),
(8, 'Virk', 'Singh', '9768786679', 'arvinderchelsea77@gmail.com', 'Male', 0, '2019-08-15 17:07:44', '2020-01-01 17:07:44'),
(9, 'Vinay', 'Maurya', '8452862101', 'mauryavinay01@gmail.com', 'Male', 0, '2019-09-01 00:00:00', '2020-01-01 17:07:44'),
(10, 'Akash', 'Shape', '9619098209', 'shape688@gmail.com', 'Female', 0, '2019-08-22 17:07:44', '2020-01-01 17:07:44'),
(11, 'Priyanka', 'Rane', '9820696193', 'pranksrane8@gmail.com', 'Female', 0, '2019-08-29 17:07:44', '2020-01-01 17:07:44'),
(12, 'Monisha', 'Gor', '9821414410', 'monishagor@gmail.com', 'Female', 0, '2019-09-08 17:07:44', '2020-01-01 17:07:44'),
(13, 'Mihir', 'Manek', '9029316525', 'mihirmanek6@gmail.com', 'Male', 0, '2019-09-15 17:07:44', '2020-01-01 17:07:44'),
(14, 'Ronak', 'Bhavesh', '9967111343', 'rr9323@gmail.com', 'Male', 0, '2019-09-22 17:07:44', '2020-01-01 17:07:44'),
(15, 'Darshan', 'Gondalia', '9619051039', 'darshangondalia4@gmail.com', 'Male', 0, '2019-09-29 17:07:44', '2020-01-01 17:07:44'),
(16, 'Sayyed', 'Hashmi', '8898646376', 'sayyedsana13786@yahoo.in', 'Male', 0, '2019-10-01 17:07:44', '2020-01-01 17:07:44'),
(17, 'Krish', 'Thakkar', '9022309922', 'krixz6325@gmail.com', 'Male', 0, '2019-10-08 17:07:44', '2020-01-01 17:07:44'),
(18, 'Vivek', 'Gandhi', '9892389192', 'vivekgandhi30@gmail.com', 'Male', 0, '2019-10-15 17:07:44', '2020-01-01 17:07:44'),
(19, 'Meet', 'Shah', '9967771198', 'meetshah@yahoo.in', 'Male', 0, '2019-10-22 17:07:44', '2020-01-01 17:07:44'),
(20, 'Kinjal', 'Pankaj', '8976360973', 'kinjal2341996@gmail.com', 'Female', 0, '2019-10-29 17:07:44', '2020-01-01 17:07:44'),
(21, 'Vishal', 'Chothani', '9920845235', 'vishaldboss55@gmail.com', 'Male', 0, '2019-11-01 17:07:44', '2020-01-01 17:07:44'),
(22, 'Harsh', 'Rajgor', '9664334721', 'darkking996@gmail.com', 'Male', 0, '2019-11-08 17:07:44', '2020-01-01 17:07:44'),
(23, 'Sahil', 'Haria', '9967687172', 'sahilharia1111@gmail.com', 'Male', 0, '2019-11-15 17:07:44', '2020-01-01 17:07:44'),
(24, 'Archish', 'Thakkar', '7709900983', 'archishthakkar@gmail.com', 'Male', 1, '2019-11-22 17:07:45', '2020-01-01 17:07:45'),
(25, 'Tejas', 'Kotak', '9920121115', 'purnima_kotak@yahoo.co.in', 'Male', 0, '2019-11-29 17:07:45', '2020-01-01 17:07:45'),
(26, 'Monish', 'Saparia', '8898117138', 'sapariamonish18@gmail.com', 'Male', 0, '2019-12-01 17:07:45', '2020-01-01 17:07:45'),
(27, 'Tushar', 'Kishor', '8097186013', 'tusharadvilkar@gmail.com', 'Male', 0, '2019-12-08 17:07:45', '2020-01-01 17:07:45'),
(28, 'Atharv', 'Rangekar', '9029684701', 'atharvrangnekar@gmail.com', 'Male', 0, '2019-12-15 17:07:45', '2020-01-01 17:07:45'),
(29, 'Manish', 'Madhukar', '9769860279', 'manishadam86@gmail.com', 'Male', 0, '2019-12-22 17:07:45', '2020-01-01 17:07:45'),
(30, 'Jeh', 'D\'souza', '9845612345', 'jehdsouza@gmail.com', 'Male', 0, '2020-05-21 10:26:15', '2020-05-21 10:26:15');

-- --------------------------------------------------------

--
-- Table structure for table `employees`
--

CREATE TABLE `employees` (
  `id` int(11) NOT NULL,
  `first_name` varchar(25) NOT NULL,
  `last_name` varchar(25) NOT NULL,
  `email_id` varchar(40) NOT NULL,
  `phone_no` varchar(15) NOT NULL,
  `gender` varchar(10) NOT NULL,
  `address_id` int(11) NOT NULL,
  `created_at` datetime NOT NULL DEFAULT current_timestamp(),
  `updated_at` datetime NOT NULL DEFAULT current_timestamp(),
  `deleted` int(6) NOT NULL DEFAULT 0
) ENGINE=InnoDB DEFAULT CHARSET=latin1;

--
-- Dumping data for table `employees`
--

INSERT INTO `employees` (`id`, `first_name`, `last_name`, `email_id`, `phone_no`, `gender`, `address_id`, `created_at`, `updated_at`, `deleted`) VALUES
(1, 'Tanay', 'Shinde', 'tanay.shinde@gmail.com', '8097939894', 'Male', 60, '2020-01-01 17:45:29', '2020-01-01 17:45:29', 0),
(2, 'Mehul', 'Mirajkar', 'mehul.mirajkar@gmail.com', '9969586525', 'Male', 61, '2020-01-01 17:45:29', '2020-01-01 17:45:29', 0),
(3, 'Mrunali', 'Khokale', 'khokale.mru@gmail.com', '7276362828', 'Female', 62, '2020-01-01 17:45:29', '2020-01-01 17:45:29', 0),
(4, 'Snehal', 'Gite', 'snehal.gite@gmail.com', '8097957424', 'Female', 63, '2020-01-01 17:45:29', '2020-01-01 17:45:29', 0),
(5, 'Anmol', 'Dube', 'anmol28596@gmail.com', '8655626530', 'Male', 64, '2020-01-01 17:45:29', '2020-01-01 17:45:29', 0),
(6, 'Santosh', 'Salian', '9santoshsalian9@gmail.com', '9987711913', 'Male', 65, '2020-01-01 17:45:29', '2020-01-01 17:45:29', 0);

-- --------------------------------------------------------

--
-- Table structure for table `gst`
--

CREATE TABLE `gst` (
  `id` int(11) NOT NULL,
  `hsn_code` int(8) NOT NULL,
  `gst_rate` float NOT NULL,
  `with_effect_from` datetime NOT NULL DEFAULT current_timestamp(),
  `created_at` datetime NOT NULL DEFAULT current_timestamp(),
  `updated_at` datetime NOT NULL DEFAULT current_timestamp(),
  `deleted` int(6) NOT NULL DEFAULT 0
) ENGINE=InnoDB DEFAULT CHARSET=latin1;

--
-- Dumping data for table `gst`
--

INSERT INTO `gst` (`id`, `hsn_code`, `gst_rate`, `with_effect_from`, `created_at`, `updated_at`, `deleted`) VALUES
(1, 10120407, 5, '2019-12-31 15:18:41', '2019-12-31 15:18:41', '2019-12-31 15:18:41', 0),
(2, 20134407, 12, '2019-12-31 15:18:41', '2019-12-31 15:18:41', '2019-12-31 15:18:41', 0),
(3, 30134407, 18, '2019-12-31 15:18:41', '2019-12-31 15:18:41', '2019-12-31 15:18:41', 0),
(4, 40134407, 5, '2019-12-31 15:18:41', '2019-12-31 15:18:41', '2019-12-31 15:18:41', 0),
(5, 50134407, 12, '2019-12-31 15:18:41', '2019-12-31 15:18:41', '2019-12-31 15:18:41', 0),
(6, 60134407, 18, '2019-12-31 15:18:41', '2019-12-31 15:18:41', '2019-12-31 15:18:41', 0),
(7, 70120407, 5, '2019-12-31 15:18:41', '2019-12-31 15:18:41', '2019-12-31 15:18:41', 0),
(8, 54134407, 12, '2019-12-31 15:18:41', '2019-12-31 15:18:41', '2019-12-31 15:18:41', 0),
(9, 80134407, 18, '2019-12-31 15:18:41', '2019-12-31 15:18:41', '2019-12-31 15:18:41', 0),
(10, 90134407, 5, '2019-12-31 15:18:41', '2019-12-31 15:18:41', '2019-12-31 15:18:41', 0);

-- --------------------------------------------------------

--
-- Table structure for table `invoice`
--

CREATE TABLE `invoice` (
  `id` int(11) NOT NULL,
  `customer_id` int(11) NOT NULL,
  `created_at` datetime NOT NULL DEFAULT current_timestamp(),
  `updated_at` datetime NOT NULL DEFAULT current_timestamp(),
  `deleted` int(6) NOT NULL DEFAULT 0
) ENGINE=InnoDB DEFAULT CHARSET=latin1;

--
-- Dumping data for table `invoice`
--

INSERT INTO `invoice` (`id`, `customer_id`, `created_at`, `updated_at`, `deleted`) VALUES
(1, 17, '2019-07-31 19:49:30', '2019-07-31 20:00:00', 0),
(2, 13, '2019-07-31 19:49:30', '2019-07-31 20:00:00', 0),
(3, 25, '2019-07-31 19:49:30', '2019-07-31 20:00:00', 0),
(4, 27, '2019-07-31 19:49:30', '2019-07-31 20:00:00', 0),
(5, 20, '2019-07-31 19:49:30', '2019-07-31 20:00:00', 0),
(6, 16, '2019-07-31 19:49:30', '2019-07-31 20:00:00', 0),
(7, 9, '2019-07-31 19:49:30', '2019-07-31 20:00:00', 0),
(8, 23, '2019-07-31 19:49:30', '2019-07-31 20:00:00', 0),
(9, 6, '2019-07-31 19:49:30', '2019-07-31 20:00:00', 0),
(10, 17, '2019-07-31 19:49:30', '2019-07-31 20:00:00', 0),
(11, 1, '2019-07-31 19:49:30', '2019-07-31 20:00:00', 0),
(12, 26, '2019-07-31 19:49:30', '2019-07-31 20:00:00', 0),
(13, 21, '2019-07-31 19:49:30', '2019-07-31 20:00:00', 0),
(14, 5, '2019-07-31 19:49:30', '2019-07-31 20:00:00', 0),
(15, 6, '2019-07-31 19:49:30', '2019-07-31 20:00:00', 0),
(16, 3, '2019-07-31 19:49:30', '2019-07-31 20:00:00', 0),
(17, 9, '2019-07-31 19:49:30', '2019-07-31 20:00:00', 0),
(18, 16, '2019-07-31 19:49:30', '2019-07-31 20:00:00', 0),
(19, 13, '2019-07-31 19:49:30', '2019-07-31 20:00:00', 0),
(20, 21, '2019-07-31 19:49:30', '2019-07-31 20:00:00', 0),
(21, 16, '2019-08-31 19:49:30', '2019-08-31 20:00:00', 0),
(22, 8, '2019-08-31 19:49:30', '2019-08-31 20:00:00', 0),
(23, 15, '2019-08-31 19:49:30', '2019-08-31 20:00:00', 0),
(24, 18, '2019-08-31 19:49:30', '2019-08-31 20:00:00', 0),
(25, 10, '2019-08-31 19:49:30', '2019-08-31 20:00:00', 0),
(26, 28, '2019-08-31 19:49:30', '2019-08-31 20:00:00', 0),
(27, 23, '2019-08-31 19:49:30', '2019-08-31 20:00:00', 0),
(28, 8, '2019-08-31 19:49:30', '2019-08-31 20:00:00', 0),
(29, 28, '2019-08-31 19:49:30', '2019-08-31 20:00:00', 0),
(30, 14, '2019-08-31 19:49:30', '2019-08-31 20:00:00', 0),
(31, 28, '2019-08-31 19:49:30', '2019-08-31 20:00:00', 0),
(32, 11, '2019-08-31 19:49:30', '2019-08-31 20:00:00', 0),
(33, 14, '2019-08-31 19:49:30', '2019-08-31 20:00:00', 0),
(34, 8, '2019-08-31 19:49:30', '2019-08-31 20:00:00', 0),
(35, 15, '2019-08-31 19:49:30', '2019-08-31 20:00:00', 0),
(36, 24, '2019-08-31 19:49:30', '2019-08-31 20:00:00', 0),
(37, 27, '2019-08-31 19:49:30', '2019-08-31 20:00:00', 0),
(38, 27, '2019-08-31 19:49:30', '2019-08-31 20:00:00', 0),
(39, 13, '2019-08-31 19:49:30', '2019-08-31 20:00:00', 0),
(40, 14, '2019-08-31 19:49:30', '2019-08-31 20:00:00', 0),
(41, 15, '2019-08-31 19:49:30', '2019-08-31 20:00:00', 0),
(42, 15, '2019-08-31 19:49:30', '2019-08-31 20:00:00', 0),
(43, 24, '2019-08-31 19:49:30', '2019-08-31 20:00:00', 0),
(44, 17, '2019-08-31 19:49:30', '2019-08-31 20:00:00', 0),
(45, 26, '2019-08-31 19:49:30', '2019-08-31 20:00:00', 0),
(46, 18, '2019-08-31 19:49:30', '2019-08-31 20:00:00', 0),
(47, 23, '2019-08-31 19:49:30', '2019-08-31 20:00:00', 0),
(48, 14, '2019-08-31 19:49:30', '2019-08-31 20:00:00', 0),
(49, 28, '2019-08-31 19:49:30', '2019-08-31 20:00:00', 0),
(50, 8, '2019-08-31 19:49:30', '2019-08-31 20:00:00', 0),
(51, 22, '2019-08-31 19:49:30', '2019-08-31 20:00:00', 0),
(52, 4, '2019-08-31 19:49:30', '2019-08-31 20:00:00', 0),
(53, 28, '2019-08-31 19:49:30', '2019-08-31 20:00:00', 0),
(54, 25, '2019-08-31 19:49:30', '2019-08-31 20:00:00', 0),
(55, 4, '2019-08-31 19:49:30', '2019-08-31 20:00:00', 0),
(56, 15, '2019-09-30 19:49:30', '2019-09-30 20:00:00', 0),
(57, 24, '2019-09-30 19:49:30', '2019-09-30 20:00:00', 0),
(58, 17, '2019-09-30 19:49:30', '2019-09-30 20:00:00', 0),
(59, 25, '2019-09-30 19:49:30', '2019-09-30 20:00:00', 0),
(60, 1, '2019-09-30 19:49:30', '2019-09-30 20:00:00', 0),
(61, 6, '2019-09-30 19:49:30', '2019-09-30 20:00:00', 0),
(62, 2, '2019-09-30 19:49:30', '2019-09-30 20:00:00', 0),
(63, 3, '2019-09-30 19:49:30', '2019-09-30 20:00:00', 0),
(64, 1, '2019-09-30 19:49:30', '2019-09-30 20:00:00', 0),
(65, 3, '2019-09-30 19:49:30', '2019-09-30 20:00:00', 0),
(66, 13, '2019-09-30 19:49:30', '2019-09-30 20:00:00', 0),
(67, 5, '2019-09-30 19:49:30', '2019-09-30 20:00:00', 0),
(68, 23, '2019-09-30 19:49:30', '2019-09-30 20:00:00', 0),
(69, 25, '2019-09-30 19:49:30', '2019-09-30 20:00:00', 0),
(70, 17, '2019-09-30 19:49:30', '2019-09-30 20:00:00', 0),
(71, 4, '2019-09-30 19:49:30', '2019-09-30 20:00:00', 0),
(72, 22, '2019-09-30 19:49:30', '2019-09-30 20:00:00', 0),
(73, 27, '2019-09-30 19:49:30', '2019-09-30 20:00:00', 0),
(74, 12, '2019-09-30 19:49:30', '2019-09-30 20:00:00', 0),
(75, 2, '2019-09-30 19:49:30', '2019-09-30 20:00:00', 0),
(76, 26, '2019-09-30 19:49:30', '2019-09-30 20:00:00', 0),
(77, 27, '2019-09-30 19:49:30', '2019-09-30 20:00:00', 0),
(78, 28, '2019-09-30 19:49:30', '2019-09-30 20:00:00', 0),
(79, 6, '2019-09-30 19:49:30', '2019-09-30 20:00:00', 0),
(80, 28, '2019-09-30 19:49:30', '2019-09-30 20:00:00', 0),
(81, 13, '2019-09-30 19:49:30', '2019-09-30 20:00:00', 0),
(82, 10, '2019-09-30 19:49:30', '2019-09-30 20:00:00', 0),
(83, 4, '2019-09-30 19:49:30', '2019-09-30 20:00:00', 0),
(84, 12, '2019-09-30 19:49:30', '2019-09-30 20:00:00', 0),
(85, 14, '2019-09-30 19:49:30', '2019-09-30 20:00:00', 0),
(86, 1, '2019-09-30 19:49:30', '2019-09-30 20:00:00', 0),
(87, 28, '2019-09-30 19:49:30', '2019-09-30 20:00:00', 0),
(88, 26, '2019-09-30 19:49:30', '2019-09-30 20:00:00', 0),
(89, 25, '2019-09-30 19:49:30', '2019-09-30 20:00:00', 0),
(90, 9, '2019-09-30 19:49:30', '2019-09-30 20:00:00', 0),
(91, 26, '2019-09-30 19:49:30', '2019-09-30 20:00:00', 0),
(92, 4, '2019-09-30 19:49:30', '2019-09-30 20:00:00', 0),
(93, 2, '2019-09-30 19:49:30', '2019-09-30 20:00:00', 0),
(94, 6, '2019-09-30 19:49:30', '2019-09-30 20:00:00', 0),
(95, 12, '2019-09-30 19:49:30', '2019-09-30 20:00:00', 0),
(96, 17, '2019-09-30 19:49:30', '2019-09-30 20:00:00', 0),
(97, 3, '2019-09-30 19:49:30', '2019-09-30 20:00:00', 0),
(98, 15, '2019-10-31 19:49:30', '2019-10-31 20:00:00', 0),
(99, 18, '2019-10-31 19:49:30', '2019-10-31 20:00:00', 0),
(100, 8, '2019-10-31 19:49:30', '2019-10-31 20:00:00', 0),
(101, 12, '2019-10-31 19:49:30', '2019-10-31 20:00:00', 0),
(102, 5, '2019-10-31 19:49:30', '2019-10-31 20:00:00', 0),
(103, 9, '2019-10-31 19:49:30', '2019-10-31 20:00:00', 0),
(104, 29, '2019-10-31 19:49:30', '2019-10-31 20:00:00', 0),
(105, 14, '2019-10-31 19:49:30', '2019-10-31 20:00:00', 0),
(106, 23, '2019-10-31 19:49:30', '2019-10-31 20:00:00', 0),
(107, 6, '2019-10-31 19:49:30', '2019-10-31 20:00:00', 0),
(108, 3, '2019-10-31 19:49:30', '2019-10-31 20:00:00', 0),
(109, 3, '2019-10-31 19:49:30', '2019-10-31 20:00:00', 0),
(110, 23, '2019-10-31 19:49:30', '2019-10-31 20:00:00', 0),
(111, 28, '2019-10-31 19:49:30', '2019-10-31 20:00:00', 0),
(112, 5, '2019-10-31 19:49:30', '2019-10-31 20:00:00', 0),
(113, 27, '2019-10-31 19:49:30', '2019-10-31 20:00:00', 0),
(114, 10, '2019-10-31 19:49:30', '2019-10-31 20:00:00', 0),
(115, 25, '2019-10-31 19:49:30', '2019-10-31 20:00:00', 0),
(116, 20, '2019-10-31 19:49:30', '2019-10-31 20:00:00', 0),
(117, 13, '2019-10-31 19:49:30', '2019-10-31 20:00:00', 0),
(118, 26, '2019-10-31 19:49:30', '2019-10-31 20:00:00', 0),
(119, 14, '2019-10-31 19:49:30', '2019-10-31 20:00:00', 0),
(120, 23, '2019-10-31 19:49:30', '2019-10-31 20:00:00', 0),
(121, 23, '2019-10-31 19:49:30', '2019-10-31 20:00:00', 0),
(122, 21, '2019-10-31 19:49:30', '2019-10-31 20:00:00', 0),
(123, 17, '2019-10-31 19:49:30', '2019-10-31 20:00:00', 0),
(124, 5, '2019-10-31 19:49:30', '2019-10-31 20:00:00', 0),
(125, 22, '2019-10-31 19:49:30', '2019-10-31 20:00:00', 0),
(126, 12, '2019-10-31 19:49:30', '2019-10-31 20:00:00', 0),
(127, 17, '2019-10-31 19:49:30', '2019-10-31 20:00:00', 0),
(128, 9, '2019-10-31 19:49:30', '2019-10-31 20:00:00', 0),
(129, 9, '2019-10-31 19:49:30', '2019-10-31 20:00:00', 0),
(130, 11, '2019-10-31 19:49:30', '2019-10-31 20:00:00', 0),
(131, 23, '2019-10-31 19:49:30', '2019-10-31 20:00:00', 0),
(132, 12, '2019-10-31 19:49:30', '2019-10-31 20:00:00', 0),
(133, 12, '2019-10-31 19:49:30', '2019-10-31 20:00:00', 0),
(134, 17, '2019-10-31 19:49:30', '2019-10-31 20:00:00', 0),
(135, 8, '2019-10-31 19:49:30', '2019-10-31 20:00:00', 0),
(136, 23, '2019-10-31 19:49:30', '2019-10-31 20:00:00', 0),
(137, 27, '2019-10-31 19:49:30', '2019-10-31 20:00:00', 0),
(138, 6, '2019-10-31 19:49:30', '2019-10-31 20:00:00', 0),
(139, 14, '2019-10-31 19:49:30', '2019-10-31 20:00:00', 0),
(140, 21, '2019-10-31 19:49:30', '2019-10-31 20:00:00', 0),
(141, 27, '2019-10-31 19:49:30', '2019-10-31 20:00:00', 0),
(142, 10, '2019-10-31 19:49:30', '2019-10-31 20:00:00', 0),
(143, 13, '2019-10-31 19:49:30', '2019-10-31 20:00:00', 0),
(144, 16, '2019-10-31 19:49:30', '2019-10-31 20:00:00', 0),
(145, 18, '2019-10-31 19:49:30', '2019-10-31 20:00:00', 0),
(146, 4, '2019-11-30 19:49:30', '2019-11-30 20:00:00', 0),
(147, 13, '2019-11-30 19:49:30', '2019-11-30 20:00:00', 0),
(148, 21, '2019-11-30 19:49:30', '2019-11-30 20:00:00', 0),
(149, 18, '2019-11-30 19:49:30', '2019-11-30 20:00:00', 0),
(150, 25, '2019-11-30 19:49:30', '2019-11-30 20:00:00', 0),
(151, 27, '2019-11-30 19:49:30', '2019-11-30 20:00:00', 0),
(152, 16, '2019-11-30 19:49:30', '2019-11-30 20:00:00', 0),
(153, 9, '2019-11-30 19:49:30', '2019-11-30 20:00:00', 0),
(154, 2, '2019-11-30 19:49:30', '2019-11-30 20:00:00', 0),
(155, 7, '2019-11-30 19:49:30', '2019-11-30 20:00:00', 0),
(156, 15, '2019-11-30 19:49:30', '2019-11-30 20:00:00', 0),
(157, 24, '2019-11-30 19:49:30', '2019-11-30 20:00:00', 0),
(158, 29, '2019-11-30 19:49:30', '2019-11-30 20:00:00', 0),
(159, 6, '2019-11-30 19:49:30', '2019-11-30 20:00:00', 0),
(160, 17, '2019-11-30 19:49:30', '2019-11-30 20:00:00', 0),
(161, 12, '2019-11-30 19:49:30', '2019-11-30 20:00:00', 0),
(162, 7, '2019-11-30 19:49:30', '2019-11-30 20:00:00', 0),
(163, 28, '2019-11-30 19:49:30', '2019-11-30 20:00:00', 0),
(164, 26, '2019-11-30 19:49:30', '2019-11-30 20:00:00', 0),
(165, 14, '2019-11-30 19:49:30', '2019-11-30 20:00:00', 0),
(166, 13, '2019-11-30 19:49:30', '2019-11-30 20:00:00', 0),
(167, 21, '2019-11-30 19:49:30', '2019-11-30 20:00:00', 0),
(168, 10, '2019-11-30 19:49:30', '2019-11-30 20:00:00', 0),
(169, 29, '2019-11-30 19:49:30', '2019-11-30 20:00:00', 0),
(170, 6, '2019-11-30 19:49:30', '2019-11-30 20:00:00', 0),
(171, 20, '2019-11-30 19:49:30', '2019-11-30 20:00:00', 0),
(172, 25, '2019-11-30 19:49:30', '2019-11-30 20:00:00', 0),
(173, 13, '2019-11-30 19:49:30', '2019-11-30 20:00:00', 0),
(174, 6, '2019-11-30 19:49:30', '2019-11-30 20:00:00', 0),
(175, 9, '2019-11-30 19:49:30', '2019-11-30 20:00:00', 0),
(176, 12, '2019-11-30 19:49:30', '2019-11-30 20:00:00', 0),
(177, 13, '2019-11-30 19:49:30', '2019-11-30 20:00:00', 0),
(178, 14, '2019-11-30 19:49:30', '2019-11-30 20:00:00', 0),
(179, 2, '2019-11-30 19:49:30', '2019-11-30 20:00:00', 0),
(180, 24, '2019-11-30 19:49:30', '2019-11-30 20:00:00', 0),
(181, 6, '2019-11-30 19:49:30', '2019-11-30 20:00:00', 0),
(182, 24, '2019-11-30 19:49:30', '2019-11-30 20:00:00', 0),
(183, 27, '2019-11-30 19:49:30', '2019-11-30 20:00:00', 0),
(184, 2, '2019-11-30 19:49:30', '2019-11-30 20:00:00', 0),
(185, 4, '2019-11-30 19:49:30', '2019-11-30 20:00:00', 0),
(186, 9, '2019-11-30 19:49:30', '2019-11-30 20:00:00', 0),
(187, 10, '2019-12-31 19:49:30', '2019-12-31 20:00:00', 0),
(188, 27, '2019-12-31 19:49:30', '2019-12-31 20:00:00', 0),
(189, 1, '2019-12-31 19:49:30', '2019-12-31 20:00:00', 0),
(190, 26, '2019-12-31 19:49:30', '2019-12-31 20:00:00', 0),
(191, 9, '2019-12-31 19:49:30', '2019-12-31 20:00:00', 0),
(192, 21, '2019-12-31 19:49:30', '2019-12-31 20:00:00', 0),
(193, 6, '2019-12-31 19:49:30', '2019-12-31 20:00:00', 0),
(194, 16, '2019-12-31 19:49:30', '2019-12-31 20:00:00', 0),
(195, 4, '2019-12-31 19:49:30', '2019-12-31 20:00:00', 0),
(196, 10, '2019-12-31 19:49:30', '2019-12-31 20:00:00', 0),
(197, 4, '2019-12-31 19:49:30', '2019-12-31 20:00:00', 0),
(198, 26, '2019-12-31 19:49:30', '2019-12-31 20:00:00', 0),
(199, 9, '2019-12-31 19:49:30', '2019-12-31 20:00:00', 0),
(200, 5, '2019-12-31 19:49:30', '2019-12-31 20:00:00', 0),
(201, 14, '2019-12-31 19:49:30', '2019-12-31 20:00:00', 0),
(202, 12, '2019-12-31 19:49:30', '2019-12-31 20:00:00', 0),
(203, 20, '2019-12-31 19:49:30', '2019-12-31 20:00:00', 0),
(204, 6, '2019-12-31 19:49:30', '2019-12-31 20:00:00', 0),
(205, 24, '2019-12-31 19:49:30', '2019-12-31 20:00:00', 0),
(206, 18, '2019-12-31 19:49:30', '2019-12-31 20:00:00', 0),
(207, 1, '2019-12-31 19:49:30', '2019-12-31 20:00:00', 0),
(208, 11, '2019-12-31 19:49:30', '2019-12-31 20:00:00', 0),
(209, 3, '2019-12-31 19:49:30', '2019-12-31 20:00:00', 0),
(210, 29, '2019-12-31 19:49:30', '2019-12-31 20:00:00', 0),
(211, 22, '2019-12-31 19:49:30', '2019-12-31 20:00:00', 0),
(212, 18, '2019-12-31 19:49:30', '2019-12-31 20:00:00', 0),
(213, 22, '2019-12-31 19:49:30', '2019-12-31 20:00:00', 0),
(214, 25, '2019-12-31 19:49:30', '2019-12-31 20:00:00', 0),
(215, 3, '2019-12-31 19:49:30', '2019-12-31 20:00:00', 0),
(216, 25, '2019-12-31 19:49:30', '2019-12-31 20:00:00', 0),
(217, 17, '2019-12-31 19:49:30', '2019-12-31 20:00:00', 0),
(218, 27, '2019-12-31 19:49:30', '2019-12-31 20:00:00', 0),
(219, 11, '2019-12-31 19:49:30', '2019-12-31 20:00:00', 0),
(220, 11, '2019-12-31 19:49:30', '2019-12-31 20:00:00', 0),
(221, 7, '2019-12-31 19:49:30', '2019-12-31 20:00:00', 0),
(222, 8, '2019-12-31 19:49:30', '2019-12-31 20:00:00', 0),
(223, 8, '2019-12-31 19:49:30', '2019-12-31 20:00:00', 0),
(224, 5, '2019-12-31 19:49:30', '2019-12-31 20:00:00', 0),
(225, 22, '2019-12-31 19:49:30', '2019-12-31 20:00:00', 0),
(226, 21, '2019-12-31 19:49:30', '2019-12-31 20:00:00', 0),
(227, 14, '2019-12-31 19:49:30', '2019-12-31 20:00:00', 0),
(228, 9, '2019-12-31 19:49:30', '2019-12-31 20:00:00', 0),
(229, 23, '2019-12-31 19:49:30', '2019-12-31 20:00:00', 0),
(230, 3, '2019-12-31 19:49:30', '2019-12-31 20:00:00', 0),
(231, 27, '2019-12-31 19:49:30', '2019-12-31 20:00:00', 0),
(232, 4, '2019-12-31 19:49:30', '2019-12-31 20:00:00', 0),
(233, 28, '2019-12-31 19:49:30', '2019-12-31 20:00:00', 0),
(234, 5, '2019-12-31 19:49:30', '2019-12-31 20:00:00', 0),
(235, 11, '2019-12-31 19:49:30', '2019-12-31 20:00:00', 0),
(236, 1, '2019-12-31 19:49:30', '2019-12-31 20:00:00', 0),
(237, 2, '2019-12-31 19:49:30', '2019-12-31 20:00:00', 0),
(238, 21, '2019-12-31 19:49:30', '2019-12-31 20:00:00', 0),
(239, 20, '2019-12-31 19:49:30', '2019-12-31 20:00:00', 0),
(240, 13, '2019-12-31 19:49:30', '2019-12-31 20:00:00', 0),
(241, 12, '2019-12-31 19:49:30', '2019-12-31 20:00:00', 0),
(242, 5, '2019-12-31 19:49:30', '2019-12-31 20:00:00', 0),
(248, 17, '2020-06-02 22:24:39', '2020-06-02 22:24:39', 0),
(249, 17, '2020-06-02 22:26:18', '2020-06-02 22:26:18', 0),
(250, 17, '2020-06-03 00:08:00', '2020-06-03 00:08:00', 0),
(251, 2, '2020-06-04 09:59:06', '2020-06-04 09:59:06', 0),
(252, 1, '2020-06-04 23:37:33', '2020-06-04 23:37:33', 0),
(253, 0, '2020-06-05 11:34:51', '2020-06-05 11:34:51', 0),
(254, 1, '2020-06-05 11:44:55', '2020-06-05 11:44:55', 0),
(255, 1, '2020-06-05 11:58:51', '2020-06-05 11:58:51', 0),
(257, 10000, '2020-06-05 12:18:45', '2020-06-05 12:18:45', 0),
(258, 2, '2020-06-06 13:57:35', '2020-06-06 13:57:35', 0),
(259, 2, '2020-06-06 13:59:00', '2020-06-06 13:59:00', 0),
(260, 2, '2020-06-06 14:00:25', '2020-06-06 14:00:25', 0),
(261, 2, '2020-06-06 14:05:56', '2020-06-06 14:05:56', 0),
(262, 2, '2020-06-06 14:42:57', '2020-06-06 14:42:57', 0),
(263, 2, '2020-06-06 14:43:08', '2020-06-06 14:43:08', 0),
(264, 0, '2020-06-12 18:40:18', '2020-06-12 18:40:18', 0),
(265, 10000, '2020-06-12 18:48:40', '2020-06-12 18:48:40', 0);

-- --------------------------------------------------------

--
-- Table structure for table `payments`
--

CREATE TABLE `payments` (
  `id` int(11) NOT NULL,
  `invoice_id` int(11) NOT NULL,
  `amount` float NOT NULL,
  `pay_mode` varchar(25) NOT NULL,
  `created_at` datetime NOT NULL DEFAULT current_timestamp(),
  `updated_at` datetime NOT NULL DEFAULT current_timestamp(),
  `deleted` int(6) NOT NULL DEFAULT 0
) ENGINE=InnoDB DEFAULT CHARSET=latin1;

--
-- Dumping data for table `payments`
--

INSERT INTO `payments` (`id`, `invoice_id`, `amount`, `pay_mode`, `created_at`, `updated_at`, `deleted`) VALUES
(1, 1, 316090, 'cheque', '2019-07-31 19:49:30', '2019-07-31 20:00:00', 0),
(2, 2, 21559.5, 'cash', '2019-07-31 19:49:30', '2019-07-31 20:00:00', 0),
(3, 2, 21559.5, 'cash', '2019-07-31 19:49:30', '2019-07-31 20:00:00', 0),
(4, 3, 149462, 'cheque', '2019-07-31 19:49:30', '2019-07-31 20:00:00', 0),
(5, 3, 298923, 'cheque', '2019-07-31 19:49:30', '2019-07-31 20:00:00', 0),
(6, 4, 29776.9, 'cash', '2019-07-31 19:49:30', '2019-07-31 20:00:00', 0),
(7, 4, 59553.8, 'cash', '2019-07-31 19:49:30', '2019-07-31 20:00:00', 0),
(8, 5, 33262, 'cash', '2019-07-31 19:49:30', '2019-07-31 20:00:00', 0),
(9, 5, 33262, 'cash', '2019-07-31 19:49:30', '2019-07-31 20:00:00', 0),
(10, 6, 51457, 'cheque', '2019-07-31 19:49:30', '2019-07-31 20:00:00', 0),
(11, 6, 102914, 'cheque', '2019-07-31 19:49:30', '2019-07-31 20:00:00', 0),
(12, 7, 27296.5, 'cheque', '2019-07-31 19:49:30', '2019-07-31 20:00:00', 0),
(13, 7, 54593, 'cheque', '2019-07-31 19:49:30', '2019-07-31 20:00:00', 0),
(14, 8, 103360, 'cash', '2019-07-31 19:49:30', '2019-07-31 20:00:00', 0),
(15, 8, 206721, 'cheque', '2019-07-31 19:49:30', '2019-07-31 20:00:00', 0),
(16, 9, 144592, 'cash', '2019-07-31 19:49:30', '2019-07-31 20:00:00', 0),
(17, 10, 299450, 'cash', '2019-07-31 19:49:30', '2019-07-31 20:00:00', 0),
(18, 11, 51335.3, 'cash', '2019-07-31 19:49:30', '2019-07-31 20:00:00', 0),
(19, 11, 154006, 'cash', '2019-07-31 19:49:30', '2019-07-31 20:00:00', 0),
(20, 12, 268675, 'cash', '2019-07-31 19:49:30', '2019-07-31 20:00:00', 0),
(21, 12, 537350, 'cheque', '2019-07-31 19:49:30', '2019-07-31 20:00:00', 0),
(22, 13, 80898.4, 'cheque', '2019-07-31 19:49:30', '2019-07-31 20:00:00', 0),
(23, 13, 242695, 'cash', '2019-07-31 19:49:30', '2019-07-31 20:00:00', 0),
(24, 14, 380630, 'cheque', '2019-07-31 19:49:30', '2019-07-31 20:00:00', 0),
(25, 15, 669047, 'cash', '2019-07-31 19:49:30', '2019-07-31 20:00:00', 0),
(26, 15, 2007140, 'cash', '2019-07-31 19:49:30', '2019-07-31 20:00:00', 0),
(27, 16, 361155, 'cheque', '2019-07-31 19:49:30', '2019-07-31 20:00:00', 0),
(28, 17, 32857.5, 'cash', '2019-07-31 19:49:30', '2019-07-31 20:00:00', 0),
(29, 17, 98572.5, 'cheque', '2019-07-31 19:49:30', '2019-07-31 20:00:00', 0),
(30, 18, 36627, 'cheque', '2019-07-31 19:49:30', '2019-07-31 20:00:00', 0),
(31, 18, 109881, 'cash', '2019-07-31 19:49:30', '2019-07-31 20:00:00', 0),
(32, 19, 437012, 'cheque', '2019-07-31 19:49:30', '2019-07-31 20:00:00', 0),
(33, 20, 22812, 'cheque', '2019-07-31 19:49:30', '2019-07-31 20:00:00', 0),
(34, 21, 1440770, 'cheque', '2019-08-31 19:49:30', '2019-08-31 20:00:00', 0),
(35, 22, 11213.2, 'cash', '2019-08-31 19:49:30', '2019-08-31 20:00:00', 0),
(36, 22, 22426.3, 'cheque', '2019-08-31 19:49:30', '2019-08-31 20:00:00', 0),
(37, 23, 27658, 'cheque', '2019-08-31 19:49:30', '2019-08-31 20:00:00', 0),
(38, 23, 55316, 'cash', '2019-08-31 19:49:30', '2019-08-31 20:00:00', 0),
(39, 24, 87922.5, 'cheque', '2019-08-31 19:49:30', '2019-08-31 20:00:00', 0),
(40, 24, 175845, 'cheque', '2019-08-31 19:49:30', '2019-08-31 20:00:00', 0),
(41, 25, 260515, 'cash', '2019-08-31 19:49:30', '2019-08-31 20:00:00', 0),
(42, 26, 11551.5, 'cheque', '2019-08-31 19:49:30', '2019-08-31 20:00:00', 0),
(43, 26, 11551.5, 'cheque', '2019-08-31 19:49:30', '2019-08-31 20:00:00', 0),
(44, 27, 112432, 'cash', '2019-08-31 19:49:30', '2019-08-31 20:00:00', 0),
(45, 27, 337297, 'cash', '2019-08-31 19:49:30', '2019-08-31 20:00:00', 0),
(46, 28, 685200, 'cheque', '2019-08-31 19:49:30', '2019-08-31 20:00:00', 0),
(47, 29, 67720, 'cash', '2019-08-31 19:49:30', '2019-08-31 20:00:00', 0),
(48, 30, 73275, 'cash', '2019-08-31 19:49:30', '2019-08-31 20:00:00', 0),
(49, 31, 24142.5, 'cheque', '2019-08-31 19:49:30', '2019-08-31 20:00:00', 0),
(50, 31, 24142.5, 'cheque', '2019-08-31 19:49:30', '2019-08-31 20:00:00', 0),
(51, 32, 57975.3, 'cash', '2019-08-31 19:49:30', '2019-08-31 20:00:00', 0),
(52, 32, 115951, 'cheque', '2019-08-31 19:49:30', '2019-08-31 20:00:00', 0),
(53, 33, 106307, 'cash', '2019-08-31 19:49:30', '2019-08-31 20:00:00', 0),
(54, 33, 212613, 'cash', '2019-08-31 19:49:30', '2019-08-31 20:00:00', 0),
(55, 34, 70004.3, 'cheque', '2019-08-31 19:49:30', '2019-08-31 20:00:00', 0),
(56, 35, 34168.9, 'cash', '2019-08-31 19:49:30', '2019-08-31 20:00:00', 0),
(57, 35, 34168.9, 'cash', '2019-08-31 19:49:30', '2019-08-31 20:00:00', 0),
(58, 36, 53440, 'cheque', '2019-08-31 19:49:30', '2019-08-31 20:00:00', 0),
(59, 36, 160320, 'cash', '2019-08-31 19:49:30', '2019-08-31 20:00:00', 0),
(60, 37, 79781.3, 'cash', '2019-08-31 19:49:30', '2019-08-31 20:00:00', 0),
(61, 37, 159563, 'cash', '2019-08-31 19:49:30', '2019-08-31 20:00:00', 0),
(62, 38, 52000, 'cheque', '2019-08-31 19:49:30', '2019-08-31 20:00:00', 0),
(63, 39, 26816.7, 'cash', '2019-08-31 19:49:30', '2019-08-31 20:00:00', 0),
(64, 39, 53633.3, 'cash', '2019-08-31 19:49:30', '2019-08-31 20:00:00', 0),
(65, 40, 100360, 'cash', '2019-08-31 19:49:30', '2019-08-31 20:00:00', 0),
(66, 41, 77560, 'cheque', '2019-08-31 19:49:30', '2019-08-31 20:00:00', 0),
(67, 42, 20322.5, 'cash', '2019-08-31 19:49:30', '2019-08-31 20:00:00', 0),
(68, 42, 60967.5, 'cash', '2019-08-31 19:49:30', '2019-08-31 20:00:00', 0),
(69, 43, 7946.67, 'cheque', '2019-08-31 19:49:30', '2019-08-31 20:00:00', 0),
(70, 43, 15893.3, 'cheque', '2019-08-31 19:49:30', '2019-08-31 20:00:00', 0),
(71, 44, 82760, 'cash', '2019-08-31 19:49:30', '2019-08-31 20:00:00', 0),
(72, 45, 2803.68, 'cheque', '2019-08-31 19:49:30', '2019-08-31 20:00:00', 0),
(73, 45, 8411.04, 'cheque', '2019-08-31 19:49:30', '2019-08-31 20:00:00', 0),
(74, 46, 98447, 'cheque', '2019-08-31 19:49:30', '2019-08-31 20:00:00', 0),
(75, 46, 295341, 'cheque', '2019-08-31 19:49:30', '2019-08-31 20:00:00', 0),
(76, 47, 63241, 'cheque', '2019-08-31 19:49:30', '2019-08-31 20:00:00', 0),
(77, 48, 27721, 'cheque', '2019-08-31 19:49:30', '2019-08-31 20:00:00', 0),
(78, 49, 76937.5, 'cheque', '2019-08-31 19:49:30', '2019-08-31 20:00:00', 0),
(79, 49, 230812, 'cheque', '2019-08-31 19:49:30', '2019-08-31 20:00:00', 0),
(80, 50, 312575, 'cheque', '2019-08-31 19:49:30', '2019-08-31 20:00:00', 0),
(81, 51, 2860200, 'cheque', '2019-08-31 19:49:30', '2019-08-31 20:00:00', 0),
(82, 52, 210406, 'cheque', '2019-08-31 19:49:30', '2019-08-31 20:00:00', 0),
(83, 52, 210406, 'cash', '2019-08-31 19:49:30', '2019-08-31 20:00:00', 0),
(84, 53, 79790, 'cash', '2019-08-31 19:49:30', '2019-08-31 20:00:00', 0),
(85, 54, 75575, 'cheque', '2019-08-31 19:49:30', '2019-08-31 20:00:00', 0),
(86, 54, 226725, 'cash', '2019-08-31 19:49:30', '2019-08-31 20:00:00', 0),
(87, 55, 24504, 'cheque', '2019-08-31 19:49:30', '2019-08-31 20:00:00', 0),
(88, 56, 91332, 'cheque', '2019-09-30 19:49:30', '2019-09-30 20:00:00', 0),
(89, 56, 182664, 'cash', '2019-09-30 19:49:30', '2019-09-30 20:00:00', 0),
(90, 57, 51898.8, 'cash', '2019-09-30 19:49:30', '2019-09-30 20:00:00', 0),
(91, 57, 155696, 'cash', '2019-09-30 19:49:30', '2019-09-30 20:00:00', 0),
(92, 58, 145606, 'cheque', '2019-09-30 19:49:30', '2019-09-30 20:00:00', 0),
(93, 59, 38528.7, 'cheque', '2019-09-30 19:49:30', '2019-09-30 20:00:00', 0),
(94, 59, 77057.3, 'cheque', '2019-09-30 19:49:30', '2019-09-30 20:00:00', 0),
(95, 60, 242710, 'cheque', '2019-09-30 19:49:30', '2019-09-30 20:00:00', 0),
(96, 61, 2483900, 'cash', '2019-09-30 19:49:30', '2019-09-30 20:00:00', 0),
(97, 62, 71200, 'cash', '2019-09-30 19:49:30', '2019-09-30 20:00:00', 0),
(98, 62, 213600, 'cash', '2019-09-30 19:49:30', '2019-09-30 20:00:00', 0),
(99, 63, 721615, 'cash', '2019-09-30 19:49:30', '2019-09-30 20:00:00', 0),
(100, 63, 1443230, 'cash', '2019-09-30 19:49:30', '2019-09-30 20:00:00', 0),
(101, 64, 19028.8, 'cheque', '2019-09-30 19:49:30', '2019-09-30 20:00:00', 0),
(102, 64, 57086.2, 'cash', '2019-09-30 19:49:30', '2019-09-30 20:00:00', 0),
(103, 65, 121610, 'cheque', '2019-09-30 19:49:30', '2019-09-30 20:00:00', 0),
(104, 66, 14445, 'cash', '2019-09-30 19:49:30', '2019-09-30 20:00:00', 0),
(105, 66, 43335, 'cheque', '2019-09-30 19:49:30', '2019-09-30 20:00:00', 0),
(106, 67, 338580, 'cheque', '2019-09-30 19:49:30', '2019-09-30 20:00:00', 0),
(107, 68, 140100, 'cash', '2019-09-30 19:49:30', '2019-09-30 20:00:00', 0),
(108, 69, 38362.9, 'cheque', '2019-09-30 19:49:30', '2019-09-30 20:00:00', 0),
(109, 69, 76725.8, 'cheque', '2019-09-30 19:49:30', '2019-09-30 20:00:00', 0),
(110, 70, 263900, 'cash', '2019-09-30 19:49:30', '2019-09-30 20:00:00', 0),
(111, 71, 52005.5, 'cash', '2019-09-30 19:49:30', '2019-09-30 20:00:00', 0),
(112, 72, 662080, 'cheque', '2019-09-30 19:49:30', '2019-09-30 20:00:00', 0),
(113, 73, 128990, 'cheque', '2019-09-30 19:49:30', '2019-09-30 20:00:00', 0),
(114, 74, 126880, 'cash', '2019-09-30 19:49:30', '2019-09-30 20:00:00', 0),
(115, 75, 127672, 'cash', '2019-09-30 19:49:30', '2019-09-30 20:00:00', 0),
(116, 76, 675388, 'cash', '2019-09-30 19:49:30', '2019-09-30 20:00:00', 0),
(117, 77, 255960, 'cash', '2019-09-30 19:49:30', '2019-09-30 20:00:00', 0),
(118, 78, 1743530, 'cheque', '2019-09-30 19:49:30', '2019-09-30 20:00:00', 0),
(119, 79, 195060, 'cheque', '2019-09-30 19:49:30', '2019-09-30 20:00:00', 0),
(120, 80, 126000, 'cheque', '2019-09-30 19:49:30', '2019-09-30 20:00:00', 0),
(121, 81, 532470, 'cheque', '2019-09-30 19:49:30', '2019-09-30 20:00:00', 0),
(122, 82, 186090, 'cheque', '2019-09-30 19:49:30', '2019-09-30 20:00:00', 0),
(123, 83, 382616, 'cheque', '2019-09-30 19:49:30', '2019-09-30 20:00:00', 0),
(124, 84, 35813.2, 'cheque', '2019-09-30 19:49:30', '2019-09-30 20:00:00', 0),
(125, 85, 283908, 'cheque', '2019-09-30 19:49:30', '2019-09-30 20:00:00', 0),
(126, 86, 497270, 'cash', '2019-09-30 19:49:30', '2019-09-30 20:00:00', 0),
(127, 87, 170640, 'cheque', '2019-09-30 19:49:30', '2019-09-30 20:00:00', 0),
(128, 88, 176545, 'cash', '2019-09-30 19:49:30', '2019-09-30 20:00:00', 0),
(129, 89, 125048, 'cash', '2019-09-30 19:49:30', '2019-09-30 20:00:00', 0),
(130, 90, 209834, 'cheque', '2019-09-30 19:49:30', '2019-09-30 20:00:00', 0),
(131, 91, 162000, 'cheque', '2019-09-30 19:49:30', '2019-09-30 20:00:00', 0),
(132, 92, 186891, 'cash', '2019-09-30 19:49:30', '2019-09-30 20:00:00', 0),
(133, 93, 182199, 'cash', '2019-09-30 19:49:30', '2019-09-30 20:00:00', 0),
(134, 94, 112628, 'cash', '2019-09-30 19:49:30', '2019-09-30 20:00:00', 0),
(135, 95, 445244, 'cash', '2019-09-30 19:49:30', '2019-09-30 20:00:00', 0),
(136, 96, 15548.4, 'cheque', '2019-09-30 19:49:30', '2019-09-30 20:00:00', 0),
(137, 97, 213336, 'cheque', '2019-09-30 19:49:30', '2019-09-30 20:00:00', 0),
(138, 98, 396000, 'cheque', '2019-10-31 19:49:30', '2019-10-31 20:00:00', 0),
(139, 99, 29325, 'cheque', '2019-10-31 19:49:30', '2019-10-31 20:00:00', 0),
(140, 100, 35380, 'cheque', '2019-10-31 19:49:30', '2019-10-31 20:00:00', 0),
(141, 101, 114648, 'cheque', '2019-10-31 19:49:30', '2019-10-31 20:00:00', 0),
(142, 102, 83516.8, 'cash', '2019-10-31 19:49:30', '2019-10-31 20:00:00', 0),
(143, 103, 43624, 'cash', '2019-10-31 19:49:30', '2019-10-31 20:00:00', 0),
(144, 104, 72680, 'cash', '2019-10-31 19:49:30', '2019-10-31 20:00:00', 0),
(145, 105, 200015, 'cash', '2019-10-31 19:49:30', '2019-10-31 20:00:00', 0),
(146, 106, 620866, 'cheque', '2019-10-31 19:49:30', '2019-10-31 20:00:00', 0),
(147, 107, 200428, 'cash', '2019-10-31 19:49:30', '2019-10-31 20:00:00', 0),
(148, 108, 342896, 'cheque', '2019-10-31 19:49:30', '2019-10-31 20:00:00', 0),
(149, 109, 231225, 'cheque', '2019-10-31 19:49:30', '2019-10-31 20:00:00', 0),
(150, 110, 157170, 'cheque', '2019-10-31 19:49:30', '2019-10-31 20:00:00', 0),
(151, 111, 40859, 'cheque', '2019-10-31 19:49:30', '2019-10-31 20:00:00', 0),
(152, 112, 205254, 'cash', '2019-10-31 19:49:30', '2019-10-31 20:00:00', 0),
(153, 113, 17320.5, 'cash', '2019-10-31 19:49:30', '2019-10-31 20:00:00', 0),
(154, 114, 446176, 'cheque', '2019-10-31 19:49:30', '2019-10-31 20:00:00', 0),
(155, 115, 210863, 'cheque', '2019-10-31 19:49:30', '2019-10-31 20:00:00', 0),
(156, 116, 170939, 'cheque', '2019-10-31 19:49:30', '2019-10-31 20:00:00', 0),
(157, 117, 290554, 'cheque', '2019-10-31 19:49:30', '2019-10-31 20:00:00', 0),
(158, 118, 168134, 'cash', '2019-10-31 19:49:30', '2019-10-31 20:00:00', 0),
(159, 119, 52740, 'cheque', '2019-10-31 19:49:30', '2019-10-31 20:00:00', 0),
(160, 120, 79240, 'cash', '2019-10-31 19:49:30', '2019-10-31 20:00:00', 0),
(161, 121, 2769270, 'cheque', '2019-10-31 19:49:30', '2019-10-31 20:00:00', 0),
(162, 122, 269618, 'cash', '2019-10-31 19:49:30', '2019-10-31 20:00:00', 0),
(163, 123, 168600, 'cheque', '2019-10-31 19:49:30', '2019-10-31 20:00:00', 0),
(164, 124, 51100, 'cheque', '2019-10-31 19:49:30', '2019-10-31 20:00:00', 0),
(165, 125, 132000, 'cheque', '2019-10-31 19:49:30', '2019-10-31 20:00:00', 0),
(166, 126, 548652, 'cheque', '2019-10-31 19:49:30', '2019-10-31 20:00:00', 0),
(167, 127, 336442, 'cheque', '2019-10-31 19:49:30', '2019-10-31 20:00:00', 0),
(168, 128, 135400, 'cheque', '2019-10-31 19:49:30', '2019-10-31 20:00:00', 0),
(169, 129, 23040, 'cash', '2019-10-31 19:49:30', '2019-10-31 20:00:00', 0),
(170, 130, 385487, 'cheque', '2019-10-31 19:49:30', '2019-10-31 20:00:00', 0),
(171, 131, 70812, 'cheque', '2019-10-31 19:49:30', '2019-10-31 20:00:00', 0),
(172, 132, 204115, 'cash', '2019-10-31 19:49:30', '2019-10-31 20:00:00', 0),
(173, 133, 157950, 'cash', '2019-10-31 19:49:30', '2019-10-31 20:00:00', 0),
(174, 134, 2054320, 'cash', '2019-10-31 19:49:30', '2019-10-31 20:00:00', 0),
(175, 135, 11836.5, 'cheque', '2019-10-31 19:49:30', '2019-10-31 20:00:00', 0),
(176, 136, 264864, 'cheque', '2019-10-31 19:49:30', '2019-10-31 20:00:00', 0),
(177, 137, 180579, 'cash', '2019-10-31 19:49:30', '2019-10-31 20:00:00', 0),
(178, 138, 179000, 'cash', '2019-10-31 19:49:30', '2019-10-31 20:00:00', 0),
(179, 139, 8520, 'cash', '2019-10-31 19:49:30', '2019-10-31 20:00:00', 0),
(180, 140, 15493, 'cash', '2019-10-31 19:49:30', '2019-10-31 20:00:00', 0),
(181, 141, 179090, 'cheque', '2019-10-31 19:49:30', '2019-10-31 20:00:00', 0),
(182, 142, 156515, 'cash', '2019-10-31 19:49:30', '2019-10-31 20:00:00', 0),
(183, 143, 114588, 'cheque', '2019-10-31 19:49:30', '2019-10-31 20:00:00', 0),
(184, 144, 324744, 'cash', '2019-10-31 19:49:30', '2019-10-31 20:00:00', 0),
(185, 145, 18940, 'cash', '2019-10-31 19:49:30', '2019-10-31 20:00:00', 0),
(186, 146, 218053, 'cheque', '2019-11-30 19:49:30', '2019-11-30 20:00:00', 0),
(187, 147, 138385, 'cash', '2019-11-30 19:49:30', '2019-11-30 20:00:00', 0),
(188, 148, 2883120, 'cheque', '2019-11-30 19:49:30', '2019-11-30 20:00:00', 0),
(189, 149, 8084, 'cash', '2019-11-30 19:49:30', '2019-11-30 20:00:00', 0),
(190, 150, 179454, 'cash', '2019-11-30 19:49:30', '2019-11-30 20:00:00', 0),
(191, 151, 283120, 'cheque', '2019-11-30 19:49:30', '2019-11-30 20:00:00', 0),
(192, 152, 282000, 'cash', '2019-11-30 19:49:30', '2019-11-30 20:00:00', 0),
(193, 153, 62421, 'cash', '2019-11-30 19:49:30', '2019-11-30 20:00:00', 0),
(194, 154, 180380, 'cheque', '2019-11-30 19:49:30', '2019-11-30 20:00:00', 0),
(195, 155, 62200, 'cash', '2019-11-30 19:49:30', '2019-11-30 20:00:00', 0),
(196, 156, 306260, 'cheque', '2019-11-30 19:49:30', '2019-11-30 20:00:00', 0),
(197, 157, 125070, 'cash', '2019-11-30 19:49:30', '2019-11-30 20:00:00', 0),
(198, 158, 205240, 'cash', '2019-11-30 19:49:30', '2019-11-30 20:00:00', 0),
(199, 159, 221752, 'cheque', '2019-11-30 19:49:30', '2019-11-30 20:00:00', 0),
(200, 160, 154204, 'cash', '2019-11-30 19:49:30', '2019-11-30 20:00:00', 0),
(201, 161, 42787.2, 'cash', '2019-11-30 19:49:30', '2019-11-30 20:00:00', 0),
(202, 162, 521729, 'cheque', '2019-11-30 19:49:30', '2019-11-30 20:00:00', 0),
(203, 163, 71080, 'cash', '2019-11-30 19:49:30', '2019-11-30 20:00:00', 0),
(204, 164, 90449.5, 'cheque', '2019-11-30 19:49:30', '2019-11-30 20:00:00', 0),
(205, 165, 243660, 'cash', '2019-11-30 19:49:30', '2019-11-30 20:00:00', 0),
(206, 166, 26125, 'cheque', '2019-11-30 19:49:30', '2019-11-30 20:00:00', 0),
(207, 167, 256790, 'cash', '2019-11-30 19:49:30', '2019-11-30 20:00:00', 0),
(208, 168, 386350, 'cheque', '2019-11-30 19:49:30', '2019-11-30 20:00:00', 0),
(209, 169, 30319.3, 'cheque', '2019-11-30 19:49:30', '2019-11-30 20:00:00', 0),
(210, 170, 158703, 'cash', '2019-11-30 19:49:30', '2019-11-30 20:00:00', 0),
(211, 171, 66500, 'cheque', '2019-11-30 19:49:30', '2019-11-30 20:00:00', 0),
(212, 172, 125026, 'cheque', '2019-11-30 19:49:30', '2019-11-30 20:00:00', 0),
(213, 173, 146815, 'cheque', '2019-11-30 19:49:30', '2019-11-30 20:00:00', 0),
(214, 174, 515980, 'cash', '2019-11-30 19:49:30', '2019-11-30 20:00:00', 0),
(215, 175, 1199150, 'cash', '2019-11-30 19:49:30', '2019-11-30 20:00:00', 0),
(216, 176, 396456, 'cheque', '2019-11-30 19:49:30', '2019-11-30 20:00:00', 0),
(217, 177, 224576, 'cash', '2019-11-30 19:49:30', '2019-11-30 20:00:00', 0),
(218, 178, 258350, 'cash', '2019-11-30 19:49:30', '2019-11-30 20:00:00', 0),
(219, 179, 200360, 'cash', '2019-11-30 19:49:30', '2019-11-30 20:00:00', 0),
(220, 180, 120540, 'cash', '2019-11-30 19:49:30', '2019-11-30 20:00:00', 0),
(221, 181, 305158, 'cash', '2019-11-30 19:49:30', '2019-11-30 20:00:00', 0),
(222, 182, 141184, 'cash', '2019-11-30 19:49:30', '2019-11-30 20:00:00', 0),
(223, 183, 45710, 'cash', '2019-11-30 19:49:30', '2019-11-30 20:00:00', 0),
(224, 184, 202259, 'cheque', '2019-11-30 19:49:30', '2019-11-30 20:00:00', 0),
(225, 185, 304580, 'cash', '2019-11-30 19:49:30', '2019-11-30 20:00:00', 0),
(226, 186, 1694550, 'cash', '2019-11-30 19:49:30', '2019-11-30 20:00:00', 0),
(227, 187, 354170, 'cash', '2019-12-31 19:49:30', '2019-12-31 20:00:00', 0),
(228, 188, 213100, 'cheque', '2019-12-31 19:49:30', '2019-12-31 20:00:00', 0),
(229, 189, 267431, 'cash', '2019-12-31 19:49:30', '2019-12-31 20:00:00', 0),
(230, 190, 99440, 'cheque', '2019-12-31 19:49:30', '2019-12-31 20:00:00', 0),
(231, 191, 76590, 'cash', '2019-12-31 19:49:30', '2019-12-31 20:00:00', 0),
(232, 192, 150000, 'cheque', '2019-12-31 19:49:30', '2019-12-31 20:00:00', 0),
(233, 193, 43701.2, 'cheque', '2019-12-31 19:49:30', '2019-12-31 20:00:00', 0),
(234, 194, 51070, 'cash', '2019-12-31 19:49:30', '2019-12-31 20:00:00', 0),
(235, 195, 348160, 'cash', '2019-12-31 19:49:30', '2019-12-31 20:00:00', 0),
(236, 196, 142600, 'cash', '2019-12-31 19:49:30', '2019-12-31 20:00:00', 0),
(237, 197, 109330, 'cash', '2019-12-31 19:49:30', '2019-12-31 20:00:00', 0),
(238, 198, 171030, 'cash', '2019-12-31 19:49:30', '2019-12-31 20:00:00', 0),
(239, 199, 95259.6, 'cheque', '2019-12-31 19:49:30', '2019-12-31 20:00:00', 0),
(240, 200, 1654930, 'cheque', '2019-12-31 19:49:30', '2019-12-31 20:00:00', 0),
(241, 201, 3025830, 'cheque', '2019-12-31 19:49:30', '2019-12-31 20:00:00', 0),
(242, 202, 409200, 'cheque', '2019-12-31 19:49:30', '2019-12-31 20:00:00', 0),
(243, 203, 44134.5, 'cheque', '2019-12-31 19:49:30', '2019-12-31 20:00:00', 0),
(244, 204, 1301530, 'cash', '2019-12-31 19:49:30', '2019-12-31 20:00:00', 0),
(245, 205, 2265850, 'cash', '2019-12-31 19:49:30', '2019-12-31 20:00:00', 0),
(246, 206, 127024, 'cheque', '2019-12-31 19:49:30', '2019-12-31 20:00:00', 0),
(247, 207, 21462, 'cheque', '2019-12-31 19:49:30', '2019-12-31 20:00:00', 0),
(248, 208, 300109, 'cheque', '2019-12-31 19:49:30', '2019-12-31 20:00:00', 0),
(249, 209, 2946190, 'cheque', '2019-12-31 19:49:30', '2019-12-31 20:00:00', 0),
(250, 210, 129246, 'cheque', '2019-12-31 19:49:30', '2019-12-31 20:00:00', 0),
(251, 211, 275184, 'cash', '2019-12-31 19:49:30', '2019-12-31 20:00:00', 0),
(252, 212, 44663.2, 'cash', '2019-12-31 19:49:30', '2019-12-31 20:00:00', 0),
(253, 213, 33120, 'cash', '2019-12-31 19:49:30', '2019-12-31 20:00:00', 0),
(254, 214, 22400, 'cheque', '2019-12-31 19:49:30', '2019-12-31 20:00:00', 0),
(255, 215, 45615, 'cash', '2019-12-31 19:49:30', '2019-12-31 20:00:00', 0),
(256, 216, 470580, 'cash', '2019-12-31 19:49:30', '2019-12-31 20:00:00', 0),
(257, 217, 333000, 'cheque', '2019-12-31 19:49:30', '2019-12-31 20:00:00', 0),
(258, 218, 139105, 'cash', '2019-12-31 19:49:30', '2019-12-31 20:00:00', 0),
(259, 219, 867365, 'cash', '2019-12-31 19:49:30', '2019-12-31 20:00:00', 0),
(260, 220, 429369, 'cheque', '2019-12-31 19:49:30', '2019-12-31 20:00:00', 0),
(261, 221, 20812, 'cash', '2019-12-31 19:49:30', '2019-12-31 20:00:00', 0),
(262, 222, 100260, 'cash', '2019-12-31 19:49:30', '2019-12-31 20:00:00', 0),
(263, 223, 232906, 'cheque', '2019-12-31 19:49:30', '2019-12-31 20:00:00', 0),
(264, 224, 2313510, 'cash', '2019-12-31 19:49:30', '2019-12-31 20:00:00', 0),
(265, 225, 565800, 'cash', '2019-12-31 19:49:30', '2019-12-31 20:00:00', 0),
(266, 226, 1147680, 'cheque', '2019-12-31 19:49:30', '2019-12-31 20:00:00', 0),
(267, 227, 1569700, 'cheque', '2019-12-31 19:49:30', '2019-12-31 20:00:00', 0),
(268, 228, 74786, 'cheque', '2019-12-31 19:49:30', '2019-12-31 20:00:00', 0),
(269, 229, 1516030, 'cash', '2019-12-31 19:49:30', '2019-12-31 20:00:00', 0),
(270, 230, 1739520, 'cheque', '2019-12-31 19:49:30', '2019-12-31 20:00:00', 0),
(271, 231, 193625, 'cash', '2019-12-31 19:49:30', '2019-12-31 20:00:00', 0),
(272, 232, 126198, 'cash', '2019-12-31 19:49:30', '2019-12-31 20:00:00', 0),
(273, 233, 129680, 'cheque', '2019-12-31 19:49:30', '2019-12-31 20:00:00', 0),
(274, 234, 260807, 'cash', '2019-12-31 19:49:30', '2019-12-31 20:00:00', 0),
(275, 235, 32960, 'cash', '2019-12-31 19:49:30', '2019-12-31 20:00:00', 0),
(276, 236, 97742.5, 'cash', '2019-12-31 19:49:30', '2019-12-31 20:00:00', 0),
(277, 237, 143695, 'cheque', '2019-12-31 19:49:30', '2019-12-31 20:00:00', 0),
(278, 238, 186870, 'cheque', '2019-12-31 19:49:30', '2019-12-31 20:00:00', 0),
(279, 239, 30776, 'cheque', '2019-12-31 19:49:30', '2019-12-31 20:00:00', 0),
(280, 240, 323156, 'cheque', '2019-12-31 19:49:30', '2019-12-31 20:00:00', 0),
(281, 241, 1446120, 'cash', '2019-12-31 19:49:30', '2019-12-31 20:00:00', 0),
(282, 242, 198358, 'cheque', '2019-12-31 19:49:30', '2019-12-31 20:00:00', 0);

-- --------------------------------------------------------

--
-- Table structure for table `products`
--

CREATE TABLE `products` (
  `id` int(11) NOT NULL,
  `name` varchar(25) NOT NULL,
  `specification` varchar(255) NOT NULL,
  `category_id` int(11) NOT NULL,
  `quantity` int(11) NOT NULL,
  `created_at` datetime NOT NULL DEFAULT current_timestamp(),
  `updated_at` datetime NOT NULL DEFAULT current_timestamp(),
  `deleted` int(6) NOT NULL DEFAULT 0
) ENGINE=InnoDB DEFAULT CHARSET=latin1;

--
-- Dumping data for table `products`
--

INSERT INTO `products` (`id`, `name`, `specification`, `category_id`, `quantity`, `created_at`, `updated_at`, `deleted`) VALUES
(1, 'Online teaching ', 'Something somthing something', 17, 0, '2020-07-26 01:31:19', '2020-07-26 01:31:19', 0),
(2, 'TEst', 'Something somthing something', 17, 0, '2020-07-26 01:32:05', '2020-07-26 01:32:05', 0),
(3, 'testing again', 'specification of product', 19, 0, '2020-07-26 01:34:42', '2020-07-26 01:34:42', 0);

-- --------------------------------------------------------

--
-- Table structure for table `products_selling_rate`
--

CREATE TABLE `products_selling_rate` (
  `id` int(11) NOT NULL,
  `product_id` int(11) NOT NULL,
  `selling_rate` float NOT NULL,
  `created_at` datetime NOT NULL DEFAULT current_timestamp(),
  `with_effect_from` datetime NOT NULL DEFAULT current_timestamp()
) ENGINE=InnoDB DEFAULT CHARSET=latin1;

--
-- Dumping data for table `products_selling_rate`
--

INSERT INTO `products_selling_rate` (`id`, `product_id`, `selling_rate`, `created_at`, `with_effect_from`) VALUES
(1, 1, 15000, '2019-12-31 14:59:21', '2019-12-31 14:59:21'),
(2, 2, 30000, '2019-12-31 14:59:21', '2019-12-31 14:59:21'),
(3, 3, 25000, '2019-12-31 14:59:21', '2019-12-31 14:59:21'),
(4, 4, 35000, '2019-12-31 14:59:21', '2020-06-04 01:07:33'),
(5, 5, 20000, '2019-12-31 14:59:21', '2019-12-31 14:59:21'),
(6, 6, 10000, '2019-12-31 14:59:21', '2019-12-31 14:59:21'),
(7, 7, 20000, '2019-12-31 14:59:21', '2019-12-31 14:59:21'),
(8, 8, 25000, '2019-12-31 14:59:21', '2019-12-31 14:59:21'),
(9, 9, 11000, '2019-12-31 14:59:21', '2020-07-15 09:47:47'),
(10, 10, 18000, '2019-12-31 14:59:21', '2019-12-31 14:59:21'),
(11, 11, 15000, '2019-12-31 14:59:21', '2019-12-31 14:59:21'),
(12, 12, 300000, '2019-12-31 14:59:21', '2019-12-31 14:59:21'),
(13, 13, 2000, '2019-12-31 14:59:21', '2019-12-31 14:59:21'),
(14, 14, 45000, '2019-12-31 14:59:22', '2019-12-31 14:59:22'),
(15, 15, 40000, '2019-12-31 14:59:22', '2019-12-31 14:59:22'),
(16, 16, 1000, '2019-12-31 14:59:22', '2019-12-31 14:59:22'),
(17, 17, 2000, '2019-12-31 14:59:22', '2019-12-31 12:32:38'),
(18, 18, 2500, '2019-12-31 14:59:22', '2019-12-31 14:59:22'),
(19, 19, 1100, '2019-12-31 14:59:22', '2019-12-31 01:09:18'),
(20, 20, 1800, '2019-12-31 14:59:22', '2019-12-31 14:59:22'),
(21, 21, 5000, '2019-12-31 14:59:22', '2019-12-31 14:59:22'),
(22, 22, 3000, '2019-12-31 14:59:22', '2019-12-31 14:59:22'),
(23, 23, 2000, '2019-12-31 14:59:22', '2019-12-31 14:59:22'),
(24, 24, 3500, '2019-12-31 14:59:22', '2019-12-31 14:59:22'),
(25, 25, 20000, '2019-12-31 14:59:22', '2019-12-31 14:59:22'),
(26, 26, 1032, '2019-12-31 14:59:22', '2019-12-31 14:59:22'),
(27, 27, 2005, '2019-12-31 14:59:22', '2019-12-31 14:59:22'),
(28, 28, 2550, '2019-12-31 14:59:22', '2019-12-31 14:59:22'),
(29, 29, 1100, '2019-12-31 14:59:22', '2019-12-31 14:59:22'),
(30, 30, 1806, '2019-12-31 14:59:22', '2019-12-31 14:59:22'),
(31, 31, 1500, '2019-12-31 14:59:22', '2019-12-31 14:59:22'),
(32, 32, 3000, '2019-12-31 14:59:22', '2019-12-31 14:59:22'),
(33, 33, 2550, '2019-12-31 14:59:22', '2019-12-31 14:59:22'),
(34, 34, 3580, '2019-12-31 14:59:22', '2019-12-31 01:09:39'),
(35, 35, 2000, '2019-12-31 14:59:22', '2019-12-31 14:59:22'),
(36, 36, 10000, '2019-12-31 14:59:22', '2019-12-31 14:59:22'),
(37, 37, 900, '2019-12-31 14:59:22', '2019-12-31 14:59:22'),
(38, 38, 1200, '2019-12-31 14:59:23', '2019-12-31 14:59:23'),
(39, 39, 27100, '2019-12-31 14:59:23', '2019-12-31 14:59:23'),
(40, 40, 1000, '2019-12-31 14:59:23', '2019-12-31 14:59:23'),
(41, 41, 800, '2019-12-31 14:59:23', '2019-12-31 14:59:23'),
(42, 42, 1500, '2019-12-31 14:59:23', '2019-12-31 14:59:23'),
(43, 43, 8000, '2019-12-31 14:59:23', '2019-12-31 14:59:23'),
(44, 44, 3500, '2019-12-31 14:59:23', '2019-12-31 14:59:23'),
(45, 45, 2000, '2019-12-31 14:59:23', '2019-12-31 14:59:23'),
(46, 46, 10000, '2019-12-31 14:59:23', '2019-12-31 14:59:23'),
(47, 47, 4000, '2019-12-31 14:59:23', '2019-12-31 14:59:23'),
(48, 48, 6500, '2019-12-31 14:59:23', '2019-12-31 14:59:23'),
(49, 49, 7100, '2019-12-31 14:59:23', '2019-12-31 14:59:23'),
(50, 50, 8000, '2019-12-31 14:59:23', '2019-12-31 14:59:23'),
(51, 1, 17000, '2020-03-06 12:58:04', '2020-03-08 12:58:04'),
(52, 2, 27000, '2020-03-06 13:42:46', '2020-03-06 13:42:46'),
(53, 52, 15799, '2020-03-06 17:15:23', '2020-03-06 17:15:23'),
(54, 62, 75000, '2020-05-21 12:11:42', '2020-05-21 12:11:42');

-- --------------------------------------------------------

--
-- Table structure for table `product_supplier`
--

CREATE TABLE `product_supplier` (
  `id` int(11) NOT NULL,
  `product_id` int(11) NOT NULL,
  `supplier_id` int(11) NOT NULL,
  `created_at` datetime NOT NULL DEFAULT current_timestamp(),
  `updated_at` datetime NOT NULL DEFAULT current_timestamp(),
  `deleted` int(6) NOT NULL DEFAULT 0
) ENGINE=InnoDB DEFAULT CHARSET=latin1;

--
-- Dumping data for table `product_supplier`
--

INSERT INTO `product_supplier` (`id`, `product_id`, `supplier_id`, `created_at`, `updated_at`, `deleted`) VALUES
(1, 3, 1, '2020-07-26 01:34:42', '2020-07-26 01:34:42', 0),
(2, 3, 3, '2020-07-26 01:34:42', '2020-07-26 01:34:42', 0);

-- --------------------------------------------------------

--
-- Table structure for table `purchases`
--

CREATE TABLE `purchases` (
  `id` int(11) NOT NULL,
  `product_id` int(11) NOT NULL,
  `supplier_id` int(11) NOT NULL,
  `purchase_rate` int(11) NOT NULL,
  `quantity` int(11) NOT NULL,
  `created_at` datetime NOT NULL DEFAULT current_timestamp(),
  `updated_at` datetime NOT NULL DEFAULT current_timestamp(),
  `deleted` int(6) NOT NULL DEFAULT 0
) ENGINE=InnoDB DEFAULT CHARSET=latin1;

--
-- Dumping data for table `purchases`
--

INSERT INTO `purchases` (`id`, `product_id`, `supplier_id`, `purchase_rate`, `quantity`, `created_at`, `updated_at`, `deleted`) VALUES
(1, 24, 17, 3300, 23, '2019-06-30 00:00:00', '2019-06-30 00:00:00', 0),
(2, 48, 26, 6200, 25, '2019-06-30 00:00:00', '2019-06-30 00:00:00', 0),
(3, 22, 26, 2700, 26, '2019-06-30 00:00:00', '2019-06-30 00:00:00', 0),
(4, 20, 8, 1600, 35, '2019-06-30 00:00:00', '2019-06-30 00:00:00', 0),
(5, 11, 22, 14000, 40, '2019-06-30 00:00:00', '2019-06-30 00:00:00', 0),
(6, 7, 15, 15000, 54, '2019-06-30 00:00:00', '2019-06-30 00:00:00', 0),
(7, 41, 22, 700, 38, '2019-06-30 00:00:00', '2019-06-30 00:00:00', 0),
(8, 32, 19, 2500, 98, '2019-06-30 00:00:00', '2019-06-30 00:00:00', 0),
(9, 27, 17, 1905, 146, '2019-06-30 00:00:00', '2019-06-30 00:00:00', 0),
(10, 5, 15, 19000, 32, '2019-06-30 00:00:00', '2019-06-30 00:00:00', 0),
(11, 11, 17, 14000, 35, '2019-06-30 00:00:00', '2019-06-30 00:00:00', 0),
(12, 5, 24, 19000, 33, '2019-06-30 00:00:00', '2019-06-30 00:00:00', 0),
(13, 35, 15, 1800, 35, '2019-06-30 00:00:00', '2019-06-30 00:00:00', 0),
(14, 34, 27, 3500, 36, '2019-06-30 00:00:00', '2019-06-30 00:00:00', 0),
(15, 23, 25, 1800, 45, '2019-06-30 00:00:00', '2019-06-30 00:00:00', 0),
(16, 36, 27, 8000, 29, '2019-06-30 00:00:00', '2019-06-30 00:00:00', 0),
(17, 23, 19, 1800, 37, '2019-06-30 00:00:00', '2019-06-30 00:00:00', 0),
(18, 37, 26, 700, 74, '2019-06-30 00:00:00', '2019-06-30 00:00:00', 0),
(19, 49, 13, 7000, 36, '2019-06-30 00:00:00', '2019-06-30 00:00:00', 0),
(20, 24, 28, 3300, 49, '2019-06-30 00:00:00', '2019-06-30 00:00:00', 0),
(21, 6, 30, 9500, 32, '2019-06-30 00:00:00', '2019-06-30 00:00:00', 0),
(22, 10, 4, 17000, 32, '2019-06-30 00:00:00', '2019-06-30 00:00:00', 0),
(23, 34, 14, 3500, 30, '2019-06-30 00:00:00', '2019-06-30 00:00:00', 0),
(24, 21, 5, 4500, 24, '2019-06-30 00:00:00', '2019-06-30 00:00:00', 0),
(25, 31, 28, 1400, 46, '2019-06-30 00:00:00', '2019-06-30 00:00:00', 0),
(26, 27, 2, 1905, 133, '2019-06-30 00:00:00', '2019-06-30 00:00:00', 0),
(27, 15, 3, 38000, 40, '2019-06-30 00:00:00', '2019-06-30 00:00:00', 0),
(28, 29, 12, 1000, 39, '2019-06-30 00:00:00', '2019-06-30 00:00:00', 0),
(29, 7, 12, 15000, 56, '2019-06-30 00:00:00', '2019-06-30 00:00:00', 0),
(30, 49, 21, 7000, 50, '2019-06-30 00:00:00', '2019-06-30 00:00:00', 0),
(31, 43, 10, 7800, 55, '2019-06-30 00:00:00', '2019-06-30 00:00:00', 0),
(32, 10, 7, 17000, 37, '2019-06-30 00:00:00', '2019-06-30 00:00:00', 0),
(33, 41, 5, 700, 34, '2019-06-30 00:00:00', '2019-06-30 00:00:00', 0),
(34, 12, 7, 275000, 347, '2019-06-30 00:00:00', '2019-06-30 00:00:00', 0),
(35, 23, 12, 1800, 20, '2019-06-30 00:00:00', '2019-06-30 00:00:00', 0),
(36, 10, 24, 17000, 32, '2019-06-30 00:00:00', '2019-06-30 00:00:00', 0),
(37, 33, 5, 2500, 28, '2019-06-30 00:00:00', '2019-06-30 00:00:00', 0),
(38, 26, 7, 932, 42, '2019-06-30 00:00:00', '2019-06-30 00:00:00', 0),
(39, 5, 5, 19000, 35, '2019-06-30 00:00:00', '2019-06-30 00:00:00', 0),
(40, 29, 6, 1000, 40, '2019-06-30 00:00:00', '2019-06-30 00:00:00', 0),
(41, 46, 10, 9500, 42, '2019-06-30 00:00:00', '2019-06-30 00:00:00', 0),
(42, 17, 7, 1800, 146, '2019-06-30 00:00:00', '2019-06-30 00:00:00', 0),
(43, 26, 3, 932, 50, '2019-06-30 00:00:00', '2019-06-30 00:00:00', 0),
(44, 25, 21, 18000, 49, '2019-06-30 00:00:00', '2019-06-30 00:00:00', 0),
(45, 50, 15, 7800, 37, '2019-06-30 00:00:00', '2019-06-30 00:00:00', 0),
(46, 32, 29, 2500, 82, '2019-06-30 00:00:00', '2019-06-30 00:00:00', 0),
(47, 40, 15, 800, 42, '2019-06-30 00:00:00', '2019-06-30 00:00:00', 0),
(48, 1, 17, 14000, 34, '2019-06-30 00:00:00', '2019-06-30 00:00:00', 0),
(49, 41, 11, 700, 25, '2019-06-30 00:00:00', '2019-06-30 00:00:00', 0),
(50, 43, 30, 7800, 30, '2019-06-30 00:00:00', '2019-06-30 00:00:00', 0),
(51, 13, 28, 1800, 29, '2019-06-30 00:00:00', '2019-06-30 00:00:00', 0),
(52, 46, 17, 9500, 35, '2019-06-30 00:00:00', '2019-06-30 00:00:00', 0),
(53, 16, 1, 800, 35, '2019-06-30 00:00:00', '2019-06-30 00:00:00', 0),
(54, 38, 18, 1000, 32, '2019-06-30 00:00:00', '2019-06-30 00:00:00', 0),
(55, 37, 13, 700, 82, '2019-06-30 00:00:00', '2019-06-30 00:00:00', 0),
(56, 13, 25, 1800, 24, '2019-06-30 00:00:00', '2019-06-30 00:00:00', 0),
(57, 10, 7, 17000, 43, '2019-06-30 00:00:00', '2019-06-30 00:00:00', 0),
(58, 29, 4, 1000, 47, '2019-06-30 00:00:00', '2019-06-30 00:00:00', 0),
(59, 5, 17, 19000, 32, '2019-06-30 00:00:00', '2019-06-30 00:00:00', 0),
(60, 18, 1, 2000, 46, '2019-06-30 00:00:00', '2019-06-30 00:00:00', 0),
(61, 47, 9, 3800, 123, '2019-06-30 00:00:00', '2019-06-30 00:00:00', 0),
(62, 47, 28, 3800, 121, '2019-06-30 00:00:00', '2019-06-30 00:00:00', 0),
(63, 6, 20, 9500, 44, '2019-06-30 00:00:00', '2019-06-30 00:00:00', 0),
(64, 48, 24, 6200, 43, '2019-06-30 00:00:00', '2019-06-30 00:00:00', 0),
(65, 31, 18, 1400, 28, '2019-06-30 00:00:00', '2019-06-30 00:00:00', 0),
(66, 46, 3, 9500, 33, '2019-06-30 00:00:00', '2019-06-30 00:00:00', 0),
(67, 16, 28, 800, 28, '2019-06-30 00:00:00', '2019-06-30 00:00:00', 0),
(68, 47, 30, 3800, 146, '2019-06-30 00:00:00', '2019-06-30 00:00:00', 0),
(69, 3, 7, 20000, 40, '2019-06-30 00:00:00', '2019-06-30 00:00:00', 0),
(70, 30, 5, 1706, 46, '2019-06-30 00:00:00', '2019-06-30 00:00:00', 0),
(71, 17, 26, 1800, 150, '2019-06-30 00:00:00', '2019-06-30 00:00:00', 0),
(72, 36, 13, 8000, 20, '2019-06-30 00:00:00', '2019-06-30 00:00:00', 0),
(73, 46, 15, 9500, 47, '2019-06-30 00:00:00', '2019-06-30 00:00:00', 0),
(74, 41, 6, 700, 34, '2019-06-30 00:00:00', '2019-06-30 00:00:00', 0),
(75, 16, 9, 800, 49, '2019-06-30 00:00:00', '2019-06-30 00:00:00', 0),
(76, 49, 13, 7000, 22, '2019-06-30 00:00:00', '2019-06-30 00:00:00', 0),
(77, 49, 13, 7000, 35, '2019-06-30 00:00:00', '2019-06-30 00:00:00', 0),
(78, 18, 26, 2000, 22, '2019-06-30 00:00:00', '2019-06-30 00:00:00', 0),
(79, 16, 24, 800, 38, '2019-06-30 00:00:00', '2019-06-30 00:00:00', 0),
(80, 11, 5, 14000, 30, '2019-06-30 00:00:00', '2019-06-30 00:00:00', 0),
(81, 6, 25, 9500, 32, '2019-06-30 00:00:00', '2019-06-30 00:00:00', 0),
(82, 25, 24, 18000, 31, '2019-06-30 00:00:00', '2019-06-30 00:00:00', 0),
(83, 48, 29, 6200, 42, '2019-06-30 00:00:00', '2019-06-30 00:00:00', 0),
(84, 33, 22, 2500, 25, '2019-06-30 00:00:00', '2019-06-30 00:00:00', 0),
(85, 47, 27, 3800, 121, '2019-06-30 00:00:00', '2019-06-30 00:00:00', 0),
(86, 7, 13, 15000, 55, '2019-06-30 00:00:00', '2019-06-30 00:00:00', 0),
(87, 4, 4, 34500, 46, '2019-06-30 00:00:00', '2019-06-30 00:00:00', 0),
(88, 30, 22, 1706, 39, '2019-06-30 00:00:00', '2019-06-30 00:00:00', 0),
(89, 7, 8, 15000, 51, '2019-06-30 00:00:00', '2019-06-30 00:00:00', 0),
(90, 50, 18, 7800, 20, '2019-06-30 00:00:00', '2019-06-30 00:00:00', 0),
(91, 20, 25, 1600, 29, '2019-06-30 00:00:00', '2019-06-30 00:00:00', 0),
(92, 11, 19, 14000, 25, '2019-06-30 00:00:00', '2019-06-30 00:00:00', 0),
(93, 9, 14, 10000, 27, '2019-06-30 00:00:00', '2019-06-30 00:00:00', 0),
(94, 32, 18, 2500, 94, '2019-06-30 00:00:00', '2019-06-30 00:00:00', 0),
(95, 42, 1, 1200, 142, '2019-06-30 00:00:00', '2019-06-30 00:00:00', 0),
(96, 37, 6, 700, 94, '2019-06-30 00:00:00', '2019-06-30 00:00:00', 0),
(97, 13, 10, 1800, 24, '2019-06-30 00:00:00', '2019-06-30 00:00:00', 0),
(98, 7, 12, 15000, 71, '2019-06-30 00:00:00', '2019-06-30 00:00:00', 0),
(99, 32, 17, 2500, 83, '2019-06-30 00:00:00', '2019-06-30 00:00:00', 0),
(100, 4, 15, 34500, 48, '2019-06-30 00:00:00', '2019-06-30 00:00:00', 0),
(101, 43, 3, 7800, 48, '2019-07-31 00:00:00', '2019-07-31 00:00:00', 0),
(102, 46, 21, 9500, 22, '2019-07-31 00:00:00', '2019-07-31 00:00:00', 0),
(103, 27, 9, 1905, 136, '2019-07-31 00:00:00', '2019-07-31 00:00:00', 0),
(104, 5, 2, 19000, 46, '2019-07-31 00:00:00', '2019-07-31 00:00:00', 0),
(105, 2, 11, 25000, 136, '2019-07-31 00:00:00', '2019-07-31 00:00:00', 0),
(106, 33, 6, 2500, 30, '2019-07-31 00:00:00', '2019-07-31 00:00:00', 0),
(107, 17, 9, 1800, 123, '2019-07-31 00:00:00', '2019-07-31 00:00:00', 0),
(108, 22, 24, 2700, 29, '2019-07-31 00:00:00', '2019-07-31 00:00:00', 0),
(109, 21, 20, 4500, 38, '2019-07-31 00:00:00', '2019-07-31 00:00:00', 0),
(110, 8, 12, 24500, 97, '2019-07-31 00:00:00', '2019-07-31 00:00:00', 0),
(111, 32, 30, 2500, 75, '2019-07-31 00:00:00', '2019-07-31 00:00:00', 0),
(112, 37, 24, 700, 76, '2019-07-31 00:00:00', '2019-07-31 00:00:00', 0),
(113, 44, 15, 3300, 35, '2019-07-31 00:00:00', '2019-07-31 00:00:00', 0),
(114, 50, 25, 7800, 34, '2019-07-31 00:00:00', '2019-07-31 00:00:00', 0),
(115, 47, 12, 3800, 135, '2019-07-31 00:00:00', '2019-07-31 00:00:00', 0),
(116, 21, 10, 4500, 43, '2019-07-31 00:00:00', '2019-07-31 00:00:00', 0),
(117, 7, 15, 15000, 39, '2019-07-31 00:00:00', '2019-07-31 00:00:00', 0),
(118, 18, 23, 2000, 50, '2019-07-31 00:00:00', '2019-07-31 00:00:00', 0),
(119, 5, 17, 19000, 33, '2019-07-31 00:00:00', '2019-07-31 00:00:00', 0),
(120, 14, 2, 42500, 35, '2019-07-31 00:00:00', '2019-07-31 00:00:00', 0),
(121, 46, 25, 9500, 41, '2019-07-31 00:00:00', '2019-07-31 00:00:00', 0),
(122, 39, 5, 27000, 50, '2019-07-31 00:00:00', '2019-07-31 00:00:00', 0),
(123, 23, 11, 1800, 47, '2019-07-31 00:00:00', '2019-07-31 00:00:00', 0),
(124, 4, 22, 34500, 50, '2019-07-31 00:00:00', '2019-07-31 00:00:00', 0),
(125, 38, 19, 1000, 20, '2019-07-31 00:00:00', '2019-07-31 00:00:00', 0),
(126, 23, 17, 1800, 34, '2019-07-31 00:00:00', '2019-07-31 00:00:00', 0),
(127, 25, 1, 18000, 23, '2019-07-31 00:00:00', '2019-07-31 00:00:00', 0),
(128, 36, 17, 8000, 27, '2019-07-31 00:00:00', '2019-07-31 00:00:00', 0),
(129, 15, 16, 38000, 44, '2019-07-31 00:00:00', '2019-07-31 00:00:00', 0),
(130, 29, 28, 1000, 48, '2019-07-31 00:00:00', '2019-07-31 00:00:00', 0),
(131, 3, 21, 20000, 28, '2019-07-31 00:00:00', '2019-07-31 00:00:00', 0),
(132, 18, 11, 2000, 29, '2019-07-31 00:00:00', '2019-07-31 00:00:00', 0),
(133, 35, 4, 1800, 22, '2019-07-31 00:00:00', '2019-07-31 00:00:00', 0),
(134, 36, 28, 8000, 45, '2019-07-31 00:00:00', '2019-07-31 00:00:00', 0),
(135, 13, 22, 1800, 49, '2019-07-31 00:00:00', '2019-07-31 00:00:00', 0),
(136, 31, 7, 1400, 27, '2019-07-31 00:00:00', '2019-07-31 00:00:00', 0),
(137, 4, 12, 34500, 50, '2019-07-31 00:00:00', '2019-07-31 00:00:00', 0),
(138, 6, 6, 9500, 35, '2019-07-31 00:00:00', '2019-07-31 00:00:00', 0),
(139, 23, 5, 1800, 44, '2019-07-31 00:00:00', '2019-07-31 00:00:00', 0),
(140, 26, 26, 932, 43, '2019-07-31 00:00:00', '2019-07-31 00:00:00', 0),
(141, 6, 21, 9500, 34, '2019-07-31 00:00:00', '2019-07-31 00:00:00', 0),
(142, 33, 15, 2500, 46, '2019-07-31 00:00:00', '2019-07-31 00:00:00', 0),
(143, 19, 2, 1000, 35, '2019-07-31 00:00:00', '2019-07-31 00:00:00', 0),
(144, 24, 1, 3300, 41, '2019-07-31 00:00:00', '2019-07-31 00:00:00', 0),
(145, 32, 7, 2500, 85, '2019-07-31 00:00:00', '2019-07-31 00:00:00', 0),
(146, 1, 18, 14000, 29, '2019-07-31 00:00:00', '2019-07-31 00:00:00', 0),
(147, 15, 25, 38000, 36, '2019-07-31 00:00:00', '2019-07-31 00:00:00', 0),
(148, 48, 23, 6200, 36, '2019-07-31 00:00:00', '2019-07-31 00:00:00', 0),
(149, 13, 22, 1800, 50, '2019-07-31 00:00:00', '2019-07-31 00:00:00', 0),
(150, 25, 15, 18000, 38, '2019-07-31 00:00:00', '2019-07-31 00:00:00', 0),
(151, 46, 17, 9500, 20, '2019-07-31 00:00:00', '2019-07-31 00:00:00', 0),
(152, 19, 27, 1000, 45, '2019-07-31 00:00:00', '2019-07-31 00:00:00', 0),
(153, 24, 8, 3300, 49, '2019-07-31 00:00:00', '2019-07-31 00:00:00', 0),
(154, 35, 3, 1800, 43, '2019-07-31 00:00:00', '2019-07-31 00:00:00', 0),
(155, 15, 6, 38000, 38, '2019-07-31 00:00:00', '2019-07-31 00:00:00', 0),
(156, 23, 13, 1800, 45, '2019-07-31 00:00:00', '2019-07-31 00:00:00', 0),
(157, 6, 14, 9500, 21, '2019-07-31 00:00:00', '2019-07-31 00:00:00', 0),
(158, 33, 11, 2500, 44, '2019-07-31 00:00:00', '2019-07-31 00:00:00', 0),
(159, 45, 4, 1800, 32, '2019-07-31 00:00:00', '2019-07-31 00:00:00', 0),
(160, 33, 29, 2500, 33, '2019-07-31 00:00:00', '2019-07-31 00:00:00', 0),
(161, 36, 15, 8000, 48, '2019-07-31 00:00:00', '2019-07-31 00:00:00', 0),
(162, 2, 29, 25000, 77, '2019-07-31 00:00:00', '2019-07-31 00:00:00', 0),
(163, 7, 21, 15000, 74, '2019-07-31 00:00:00', '2019-07-31 00:00:00', 0),
(164, 37, 2, 700, 126, '2019-07-31 00:00:00', '2019-07-31 00:00:00', 0),
(165, 11, 4, 14000, 25, '2019-07-31 00:00:00', '2019-07-31 00:00:00', 0),
(166, 23, 3, 1800, 45, '2019-07-31 00:00:00', '2019-07-31 00:00:00', 0),
(167, 28, 8, 2450, 240, '2019-07-31 00:00:00', '2019-07-31 00:00:00', 0),
(168, 17, 6, 1800, 139, '2019-07-31 00:00:00', '2019-07-31 00:00:00', 0),
(169, 33, 7, 2500, 22, '2019-07-31 00:00:00', '2019-07-31 00:00:00', 0),
(170, 30, 15, 1706, 49, '2019-07-31 00:00:00', '2019-07-31 00:00:00', 0),
(171, 36, 8, 8000, 30, '2019-07-31 00:00:00', '2019-07-31 00:00:00', 0),
(172, 18, 21, 2000, 37, '2019-07-31 00:00:00', '2019-07-31 00:00:00', 0),
(173, 37, 20, 700, 68, '2019-07-31 00:00:00', '2019-07-31 00:00:00', 0),
(174, 40, 12, 800, 37, '2019-07-31 00:00:00', '2019-07-31 00:00:00', 0),
(175, 45, 11, 1800, 48, '2019-07-31 00:00:00', '2019-07-31 00:00:00', 0),
(176, 14, 4, 42500, 31, '2019-07-31 00:00:00', '2019-07-31 00:00:00', 0),
(177, 37, 9, 700, 95, '2019-07-31 00:00:00', '2019-07-31 00:00:00', 0),
(178, 16, 30, 800, 37, '2019-07-31 00:00:00', '2019-07-31 00:00:00', 0),
(179, 26, 27, 932, 31, '2019-07-31 00:00:00', '2019-07-31 00:00:00', 0),
(180, 50, 25, 7800, 39, '2019-07-31 00:00:00', '2019-07-31 00:00:00', 0),
(181, 9, 4, 10000, 39, '2019-07-31 00:00:00', '2019-07-31 00:00:00', 0),
(182, 33, 18, 2500, 49, '2019-07-31 00:00:00', '2019-07-31 00:00:00', 0),
(183, 21, 26, 4500, 27, '2019-07-31 00:00:00', '2019-07-31 00:00:00', 0),
(184, 13, 5, 1800, 45, '2019-07-31 00:00:00', '2019-07-31 00:00:00', 0),
(185, 5, 6, 19000, 20, '2019-07-31 00:00:00', '2019-07-31 00:00:00', 0),
(186, 26, 19, 932, 49, '2019-07-31 00:00:00', '2019-07-31 00:00:00', 0),
(187, 7, 19, 15000, 40, '2019-07-31 00:00:00', '2019-07-31 00:00:00', 0),
(188, 34, 4, 3500, 28, '2019-07-31 00:00:00', '2019-07-31 00:00:00', 0),
(189, 49, 19, 7000, 35, '2019-07-31 00:00:00', '2019-07-31 00:00:00', 0),
(190, 6, 11, 9500, 29, '2019-07-31 00:00:00', '2019-07-31 00:00:00', 0),
(191, 21, 5, 4500, 26, '2019-07-31 00:00:00', '2019-07-31 00:00:00', 0),
(192, 26, 19, 932, 47, '2019-07-31 00:00:00', '2019-07-31 00:00:00', 0),
(193, 1, 23, 14000, 37, '2019-07-31 00:00:00', '2019-07-31 00:00:00', 0),
(194, 20, 14, 1600, 31, '2019-07-31 00:00:00', '2019-07-31 00:00:00', 0),
(195, 37, 12, 700, 85, '2019-07-31 00:00:00', '2019-07-31 00:00:00', 0),
(196, 10, 24, 17000, 39, '2019-07-31 00:00:00', '2019-07-31 00:00:00', 0),
(197, 34, 15, 3500, 42, '2019-07-31 00:00:00', '2019-07-31 00:00:00', 0),
(198, 5, 30, 19000, 20, '2019-07-31 00:00:00', '2019-07-31 00:00:00', 0),
(199, 12, 12, 275000, 232, '2019-07-31 00:00:00', '2019-07-31 00:00:00', 0),
(200, 15, 18, 38000, 24, '2019-07-31 00:00:00', '2019-07-31 00:00:00', 0),
(201, 49, 15, 7000, 50, '2019-08-31 00:00:00', '2019-08-31 00:00:00', 0),
(202, 23, 26, 1800, 45, '2019-08-31 00:00:00', '2019-08-31 00:00:00', 0),
(203, 5, 23, 19000, 34, '2019-08-31 00:00:00', '2019-08-31 00:00:00', 0),
(204, 24, 26, 3300, 49, '2019-08-31 00:00:00', '2019-08-31 00:00:00', 0),
(205, 18, 16, 2000, 36, '2019-08-31 00:00:00', '2019-08-31 00:00:00', 0),
(206, 37, 5, 700, 92, '2019-08-31 00:00:00', '2019-08-31 00:00:00', 0),
(207, 22, 21, 2700, 36, '2019-08-31 00:00:00', '2019-08-31 00:00:00', 0),
(208, 18, 19, 2000, 41, '2019-08-31 00:00:00', '2019-08-31 00:00:00', 0),
(209, 21, 21, 4500, 28, '2019-08-31 00:00:00', '2019-08-31 00:00:00', 0),
(210, 9, 29, 10000, 37, '2019-08-31 00:00:00', '2019-08-31 00:00:00', 0),
(211, 49, 16, 7000, 35, '2019-08-31 00:00:00', '2019-08-31 00:00:00', 0),
(212, 39, 2, 27000, 26, '2019-08-31 00:00:00', '2019-08-31 00:00:00', 0),
(213, 45, 13, 1800, 34, '2019-08-31 00:00:00', '2019-08-31 00:00:00', 0),
(214, 38, 20, 1000, 44, '2019-08-31 00:00:00', '2019-08-31 00:00:00', 0),
(215, 6, 30, 9500, 43, '2019-08-31 00:00:00', '2019-08-31 00:00:00', 0),
(216, 2, 22, 25000, 246, '2019-08-31 00:00:00', '2019-08-31 00:00:00', 0),
(217, 14, 27, 42500, 32, '2019-08-31 00:00:00', '2019-08-31 00:00:00', 0),
(218, 30, 28, 1706, 37, '2019-08-31 00:00:00', '2019-08-31 00:00:00', 0),
(219, 2, 12, 25000, 93, '2019-08-31 00:00:00', '2019-08-31 00:00:00', 0),
(220, 31, 16, 1400, 40, '2019-08-31 00:00:00', '2019-08-31 00:00:00', 0),
(221, 50, 5, 7800, 26, '2019-08-31 00:00:00', '2019-08-31 00:00:00', 0),
(222, 31, 11, 1400, 29, '2019-08-31 00:00:00', '2019-08-31 00:00:00', 0),
(223, 38, 19, 1000, 21, '2019-08-31 00:00:00', '2019-08-31 00:00:00', 0),
(224, 30, 8, 1706, 24, '2019-08-31 00:00:00', '2019-08-31 00:00:00', 0),
(225, 10, 25, 17000, 20, '2019-08-31 00:00:00', '2019-08-31 00:00:00', 0),
(226, 9, 11, 10000, 27, '2019-08-31 00:00:00', '2019-08-31 00:00:00', 0),
(227, 4, 11, 34500, 21, '2019-08-31 00:00:00', '2019-08-31 00:00:00', 0),
(228, 44, 24, 3300, 49, '2019-08-31 00:00:00', '2019-08-31 00:00:00', 0),
(229, 8, 4, 24500, 82, '2019-08-31 00:00:00', '2019-08-31 00:00:00', 0),
(230, 40, 5, 800, 24, '2019-08-31 00:00:00', '2019-08-31 00:00:00', 0),
(231, 9, 11, 10000, 44, '2019-08-31 00:00:00', '2019-08-31 00:00:00', 0),
(232, 41, 18, 700, 28, '2019-08-31 00:00:00', '2019-08-31 00:00:00', 0),
(233, 21, 30, 4500, 21, '2019-08-31 00:00:00', '2019-08-31 00:00:00', 0),
(234, 50, 13, 7800, 27, '2019-08-31 00:00:00', '2019-08-31 00:00:00', 0),
(235, 3, 25, 20000, 43, '2019-08-31 00:00:00', '2019-08-31 00:00:00', 0),
(236, 1, 29, 14000, 45, '2019-08-31 00:00:00', '2019-08-31 00:00:00', 0),
(237, 30, 1, 1706, 21, '2019-08-31 00:00:00', '2019-08-31 00:00:00', 0),
(238, 27, 20, 1905, 142, '2019-08-31 00:00:00', '2019-08-31 00:00:00', 0),
(239, 3, 29, 20000, 34, '2019-08-31 00:00:00', '2019-08-31 00:00:00', 0),
(240, 16, 13, 800, 49, '2019-08-31 00:00:00', '2019-08-31 00:00:00', 0),
(241, 48, 30, 6200, 20, '2019-08-31 00:00:00', '2019-08-31 00:00:00', 0),
(242, 21, 12, 4500, 45, '2019-08-31 00:00:00', '2019-08-31 00:00:00', 0),
(243, 7, 17, 15000, 88, '2019-08-31 00:00:00', '2019-08-31 00:00:00', 0),
(244, 41, 13, 700, 26, '2019-08-31 00:00:00', '2019-08-31 00:00:00', 0),
(245, 44, 17, 3300, 26, '2019-08-31 00:00:00', '2019-08-31 00:00:00', 0),
(246, 19, 21, 1000, 41, '2019-08-31 00:00:00', '2019-08-31 00:00:00', 0),
(247, 3, 15, 20000, 48, '2019-08-31 00:00:00', '2019-08-31 00:00:00', 0),
(248, 39, 5, 27000, 26, '2019-08-31 00:00:00', '2019-08-31 00:00:00', 0),
(249, 23, 10, 1800, 41, '2019-08-31 00:00:00', '2019-08-31 00:00:00', 0),
(250, 38, 8, 1000, 39, '2019-08-31 00:00:00', '2019-08-31 00:00:00', 0),
(251, 21, 6, 4500, 54, '2019-08-31 00:00:00', '2019-08-31 00:00:00', 0),
(252, 15, 21, 38000, 55, '2019-08-31 00:00:00', '2019-08-31 00:00:00', 0),
(253, 22, 27, 2700, 88, '2019-08-31 00:00:00', '2019-08-31 00:00:00', 0),
(254, 29, 22, 1000, 91, '2019-08-31 00:00:00', '2019-08-31 00:00:00', 0),
(255, 19, 25, 1000, 87, '2019-08-31 00:00:00', '2019-08-31 00:00:00', 0),
(256, 44, 20, 3300, 45, '2019-08-31 00:00:00', '2019-08-31 00:00:00', 0),
(257, 43, 28, 7800, 32, '2019-08-31 00:00:00', '2019-08-31 00:00:00', 0),
(258, 45, 4, 1800, 56, '2019-08-31 00:00:00', '2019-08-31 00:00:00', 0),
(259, 49, 27, 7000, 48, '2019-08-31 00:00:00', '2019-08-31 00:00:00', 0),
(260, 21, 15, 4500, 89, '2019-08-31 00:00:00', '2019-08-31 00:00:00', 0),
(261, 39, 29, 27000, 24, '2019-08-31 00:00:00', '2019-08-31 00:00:00', 0),
(262, 23, 24, 1800, 77, '2019-08-31 00:00:00', '2019-08-31 00:00:00', 0),
(263, 17, 1, 1800, 69, '2019-08-31 00:00:00', '2019-08-31 00:00:00', 0),
(264, 26, 8, 932, 92, '2019-08-31 00:00:00', '2019-08-31 00:00:00', 0),
(265, 46, 14, 9500, 25, '2019-08-31 00:00:00', '2019-08-31 00:00:00', 0),
(266, 7, 2, 15000, 38, '2019-08-31 00:00:00', '2019-08-31 00:00:00', 0),
(267, 15, 4, 38000, 71, '2019-08-31 00:00:00', '2019-08-31 00:00:00', 0),
(268, 28, 5, 2450, 31, '2019-08-31 00:00:00', '2019-08-31 00:00:00', 0),
(269, 11, 6, 14000, 56, '2019-08-31 00:00:00', '2019-08-31 00:00:00', 0),
(270, 1, 20, 14000, 41, '2019-08-31 00:00:00', '2019-08-31 00:00:00', 0),
(271, 16, 2, 800, 84, '2019-08-31 00:00:00', '2019-08-31 00:00:00', 0),
(272, 20, 18, 1600, 38, '2019-08-31 00:00:00', '2019-08-31 00:00:00', 0),
(273, 1, 11, 14000, 99, '2019-08-31 00:00:00', '2019-08-31 00:00:00', 0),
(274, 49, 4, 7000, 72, '2019-08-31 00:00:00', '2019-08-31 00:00:00', 0),
(275, 34, 4, 3500, 44, '2019-08-31 00:00:00', '2019-08-31 00:00:00', 0),
(276, 20, 26, 1600, 30, '2019-08-31 00:00:00', '2019-08-31 00:00:00', 0),
(277, 12, 7, 275000, 95, '2019-08-31 00:00:00', '2019-08-31 00:00:00', 0),
(278, 28, 1, 2450, 78, '2019-08-31 00:00:00', '2019-08-31 00:00:00', 0),
(279, 48, 30, 6200, 19, '2019-08-31 00:00:00', '2019-08-31 00:00:00', 0),
(280, 19, 29, 1000, 76, '2019-08-31 00:00:00', '2019-08-31 00:00:00', 0),
(281, 22, 1, 2700, 81, '2019-08-31 00:00:00', '2019-08-31 00:00:00', 0),
(282, 38, 22, 1000, 33, '2019-08-31 00:00:00', '2019-08-31 00:00:00', 0),
(283, 14, 17, 42500, 66, '2019-08-31 00:00:00', '2019-08-31 00:00:00', 0),
(284, 21, 22, 4500, 97, '2019-08-31 00:00:00', '2019-08-31 00:00:00', 0),
(285, 18, 23, 2000, 34, '2019-08-31 00:00:00', '2019-08-31 00:00:00', 0),
(286, 42, 17, 1200, 61, '2019-08-31 00:00:00', '2019-08-31 00:00:00', 0),
(287, 38, 25, 1000, 63, '2019-08-31 00:00:00', '2019-08-31 00:00:00', 0),
(288, 25, 26, 18000, 36, '2019-08-31 00:00:00', '2019-08-31 00:00:00', 0),
(289, 21, 24, 4500, 41, '2019-08-31 00:00:00', '2019-08-31 00:00:00', 0),
(290, 12, 12, 275000, 10, '2019-08-31 00:00:00', '2019-08-31 00:00:00', 0),
(291, 25, 2, 18000, 89, '2019-08-31 00:00:00', '2019-08-31 00:00:00', 0),
(292, 4, 13, 34500, 46, '2019-08-31 00:00:00', '2019-08-31 00:00:00', 0),
(293, 46, 28, 9500, 66, '2019-08-31 00:00:00', '2019-08-31 00:00:00', 0),
(294, 39, 12, 27000, 22, '2019-08-31 00:00:00', '2019-08-31 00:00:00', 0),
(295, 49, 21, 7000, 88, '2019-08-31 00:00:00', '2019-08-31 00:00:00', 0),
(296, 49, 10, 7000, 64, '2019-08-31 00:00:00', '2019-08-31 00:00:00', 0),
(297, 36, 30, 8000, 44, '2019-08-31 00:00:00', '2019-08-31 00:00:00', 0),
(298, 24, 24, 3300, 25, '2019-08-31 00:00:00', '2019-08-31 00:00:00', 0),
(299, 20, 21, 1600, 36, '2019-08-31 00:00:00', '2019-08-31 00:00:00', 0),
(300, 36, 7, 8000, 69, '2019-08-31 00:00:00', '2019-08-31 00:00:00', 0),
(301, 6, 25, 9500, 42, '2019-09-30 00:00:00', '2019-09-30 00:00:00', 0),
(302, 5, 29, 19000, 92, '2019-09-30 00:00:00', '2019-09-30 00:00:00', 0),
(303, 41, 7, 700, 38, '2019-09-30 00:00:00', '2019-09-30 00:00:00', 0),
(304, 21, 15, 4500, 11, '2019-09-30 00:00:00', '2019-09-30 00:00:00', 0),
(305, 27, 13, 1905, 55, '2019-09-30 00:00:00', '2019-09-30 00:00:00', 0),
(306, 11, 19, 14000, 90, '2019-09-30 00:00:00', '2019-09-30 00:00:00', 0),
(307, 14, 8, 42500, 80, '2019-09-30 00:00:00', '2019-09-30 00:00:00', 0),
(308, 3, 26, 20000, 35, '2019-09-30 00:00:00', '2019-09-30 00:00:00', 0),
(309, 36, 24, 8000, 21, '2019-09-30 00:00:00', '2019-09-30 00:00:00', 0),
(310, 29, 8, 1000, 67, '2019-09-30 00:00:00', '2019-09-30 00:00:00', 0),
(311, 47, 20, 3800, 69, '2019-09-30 00:00:00', '2019-09-30 00:00:00', 0),
(312, 19, 6, 1000, 61, '2019-09-30 00:00:00', '2019-09-30 00:00:00', 0),
(313, 20, 11, 1600, 62, '2019-09-30 00:00:00', '2019-09-30 00:00:00', 0),
(314, 27, 12, 1905, 65, '2019-09-30 00:00:00', '2019-09-30 00:00:00', 0),
(315, 21, 16, 4500, 73, '2019-09-30 00:00:00', '2019-09-30 00:00:00', 0),
(316, 14, 3, 42500, 52, '2019-09-30 00:00:00', '2019-09-30 00:00:00', 0),
(317, 41, 11, 700, 79, '2019-09-30 00:00:00', '2019-09-30 00:00:00', 0),
(318, 8, 18, 24500, 34, '2019-09-30 00:00:00', '2019-09-30 00:00:00', 0),
(319, 19, 2, 1000, 59, '2019-09-30 00:00:00', '2019-09-30 00:00:00', 0),
(320, 26, 29, 932, 94, '2019-09-30 00:00:00', '2019-09-30 00:00:00', 0),
(321, 21, 28, 4500, 62, '2019-09-30 00:00:00', '2019-09-30 00:00:00', 0),
(322, 50, 9, 7800, 39, '2019-09-30 00:00:00', '2019-09-30 00:00:00', 0),
(323, 42, 30, 1200, 24, '2019-09-30 00:00:00', '2019-09-30 00:00:00', 0),
(324, 46, 18, 9500, 50, '2019-09-30 00:00:00', '2019-09-30 00:00:00', 0),
(325, 18, 14, 2000, 67, '2019-09-30 00:00:00', '2019-09-30 00:00:00', 0),
(326, 34, 2, 3500, 100, '2019-09-30 00:00:00', '2019-09-30 00:00:00', 0),
(327, 40, 15, 800, 28, '2019-09-30 00:00:00', '2019-09-30 00:00:00', 0),
(328, 4, 1, 34500, 75, '2019-09-30 00:00:00', '2019-09-30 00:00:00', 0),
(329, 48, 22, 6200, 18, '2019-09-30 00:00:00', '2019-09-30 00:00:00', 0),
(330, 50, 21, 7800, 25, '2019-09-30 00:00:00', '2019-09-30 00:00:00', 0),
(331, 20, 25, 1600, 89, '2019-09-30 00:00:00', '2019-09-30 00:00:00', 0),
(332, 25, 21, 18000, 75, '2019-09-30 00:00:00', '2019-09-30 00:00:00', 0),
(333, 48, 16, 6200, 15, '2019-09-30 00:00:00', '2019-09-30 00:00:00', 0),
(334, 14, 30, 42500, 15, '2019-09-30 00:00:00', '2019-09-30 00:00:00', 0),
(335, 13, 19, 1800, 96, '2019-09-30 00:00:00', '2019-09-30 00:00:00', 0),
(336, 17, 26, 1800, 82, '2019-09-30 00:00:00', '2019-09-30 00:00:00', 0),
(337, 17, 20, 1800, 34, '2019-09-30 00:00:00', '2019-09-30 00:00:00', 0),
(338, 10, 21, 17000, 23, '2019-09-30 00:00:00', '2019-09-30 00:00:00', 0),
(339, 9, 17, 10000, 39, '2019-09-30 00:00:00', '2019-09-30 00:00:00', 0),
(340, 25, 4, 18000, 75, '2019-09-30 00:00:00', '2019-09-30 00:00:00', 0),
(341, 37, 18, 700, 61, '2019-09-30 00:00:00', '2019-09-30 00:00:00', 0),
(342, 36, 5, 8000, 47, '2019-09-30 00:00:00', '2019-09-30 00:00:00', 0),
(343, 1, 22, 14000, 96, '2019-09-30 00:00:00', '2019-09-30 00:00:00', 0),
(344, 13, 15, 1800, 73, '2019-09-30 00:00:00', '2019-09-30 00:00:00', 0),
(345, 48, 1, 6200, 87, '2019-09-30 00:00:00', '2019-09-30 00:00:00', 0),
(346, 32, 20, 2500, 51, '2019-09-30 00:00:00', '2019-09-30 00:00:00', 0),
(347, 30, 28, 1706, 15, '2019-09-30 00:00:00', '2019-09-30 00:00:00', 0),
(348, 25, 6, 18000, 81, '2019-09-30 00:00:00', '2019-09-30 00:00:00', 0),
(349, 8, 8, 24500, 32, '2019-09-30 00:00:00', '2019-09-30 00:00:00', 0),
(350, 35, 28, 1800, 61, '2019-09-30 00:00:00', '2019-09-30 00:00:00', 0),
(351, 44, 4, 3300, 95, '2019-09-30 00:00:00', '2019-09-30 00:00:00', 0),
(352, 11, 23, 14000, 64, '2019-09-30 00:00:00', '2019-09-30 00:00:00', 0),
(353, 6, 18, 9500, 66, '2019-09-30 00:00:00', '2019-09-30 00:00:00', 0),
(354, 33, 26, 2500, 49, '2019-09-30 00:00:00', '2019-09-30 00:00:00', 0),
(355, 38, 26, 1000, 29, '2019-09-30 00:00:00', '2019-09-30 00:00:00', 0),
(356, 3, 25, 20000, 59, '2019-09-30 00:00:00', '2019-09-30 00:00:00', 0),
(357, 3, 12, 20000, 50, '2019-09-30 00:00:00', '2019-09-30 00:00:00', 0),
(358, 20, 7, 1600, 40, '2019-09-30 00:00:00', '2019-09-30 00:00:00', 0),
(359, 26, 12, 932, 47, '2019-09-30 00:00:00', '2019-09-30 00:00:00', 0),
(360, 4, 1, 34500, 87, '2019-09-30 00:00:00', '2019-09-30 00:00:00', 0),
(361, 10, 29, 17000, 13, '2019-09-30 00:00:00', '2019-09-30 00:00:00', 0),
(362, 45, 13, 1800, 97, '2019-09-30 00:00:00', '2019-09-30 00:00:00', 0),
(363, 31, 10, 1400, 46, '2019-09-30 00:00:00', '2019-09-30 00:00:00', 0),
(364, 48, 18, 6200, 67, '2019-09-30 00:00:00', '2019-09-30 00:00:00', 0),
(365, 18, 8, 2000, 75, '2019-09-30 00:00:00', '2019-09-30 00:00:00', 0),
(366, 18, 9, 2000, 42, '2019-09-30 00:00:00', '2019-09-30 00:00:00', 0),
(367, 8, 23, 24500, 44, '2019-09-30 00:00:00', '2019-09-30 00:00:00', 0),
(368, 5, 14, 19000, 100, '2019-09-30 00:00:00', '2019-09-30 00:00:00', 0),
(369, 48, 7, 6200, 95, '2019-09-30 00:00:00', '2019-09-30 00:00:00', 0),
(370, 32, 9, 2500, 96, '2019-09-30 00:00:00', '2019-09-30 00:00:00', 0),
(371, 13, 15, 1800, 15, '2019-09-30 00:00:00', '2019-09-30 00:00:00', 0),
(372, 19, 18, 1000, 17, '2019-09-30 00:00:00', '2019-09-30 00:00:00', 0),
(373, 6, 17, 9500, 62, '2019-09-30 00:00:00', '2019-09-30 00:00:00', 0),
(374, 29, 29, 1000, 49, '2019-09-30 00:00:00', '2019-09-30 00:00:00', 0),
(375, 45, 27, 1800, 84, '2019-09-30 00:00:00', '2019-09-30 00:00:00', 0),
(376, 22, 22, 2700, 83, '2019-09-30 00:00:00', '2019-09-30 00:00:00', 0),
(377, 35, 20, 1800, 25, '2019-09-30 00:00:00', '2019-09-30 00:00:00', 0),
(378, 28, 29, 2450, 76, '2019-09-30 00:00:00', '2019-09-30 00:00:00', 0),
(379, 33, 6, 2500, 84, '2019-09-30 00:00:00', '2019-09-30 00:00:00', 0),
(380, 1, 1, 14000, 96, '2019-09-30 00:00:00', '2019-09-30 00:00:00', 0),
(381, 29, 5, 1000, 40, '2019-09-30 00:00:00', '2019-09-30 00:00:00', 0),
(382, 7, 2, 15000, 39, '2019-09-30 00:00:00', '2019-09-30 00:00:00', 0),
(383, 46, 2, 9500, 83, '2019-09-30 00:00:00', '2019-09-30 00:00:00', 0),
(384, 18, 12, 2000, 89, '2019-09-30 00:00:00', '2019-09-30 00:00:00', 0),
(385, 23, 5, 1800, 79, '2019-09-30 00:00:00', '2019-09-30 00:00:00', 0),
(386, 40, 27, 800, 87, '2019-09-30 00:00:00', '2019-09-30 00:00:00', 0),
(387, 42, 17, 1200, 11, '2019-09-30 00:00:00', '2019-09-30 00:00:00', 0),
(388, 42, 10, 1200, 38, '2019-09-30 00:00:00', '2019-09-30 00:00:00', 0),
(389, 32, 7, 2500, 61, '2019-09-30 00:00:00', '2019-09-30 00:00:00', 0),
(390, 23, 24, 1800, 74, '2019-09-30 00:00:00', '2019-09-30 00:00:00', 0),
(391, 4, 30, 34500, 20, '2019-09-30 00:00:00', '2019-09-30 00:00:00', 0),
(392, 33, 30, 2500, 99, '2019-09-30 00:00:00', '2019-09-30 00:00:00', 0),
(393, 28, 17, 2450, 46, '2019-09-30 00:00:00', '2019-09-30 00:00:00', 0),
(394, 18, 5, 2000, 70, '2019-09-30 00:00:00', '2019-09-30 00:00:00', 0),
(395, 44, 21, 3300, 45, '2019-09-30 00:00:00', '2019-09-30 00:00:00', 0),
(396, 6, 1, 9500, 74, '2019-09-30 00:00:00', '2019-09-30 00:00:00', 0),
(397, 43, 17, 7800, 40, '2019-09-30 00:00:00', '2019-09-30 00:00:00', 0),
(398, 12, 5, 275000, 19, '2019-09-30 00:00:00', '2019-09-30 00:00:00', 0),
(399, 9, 7, 10000, 16, '2019-09-30 00:00:00', '2019-09-30 00:00:00', 0),
(400, 21, 20, 4500, 28, '2019-09-30 00:00:00', '2019-09-30 00:00:00', 0),
(401, 12, 10, 275000, 35, '2019-10-31 00:00:00', '2019-10-31 00:00:00', 0),
(402, 1, 17, 14000, 43, '2019-10-31 00:00:00', '2019-10-31 00:00:00', 0),
(403, 13, 12, 1800, 38, '2019-10-31 00:00:00', '2019-10-31 00:00:00', 0),
(404, 25, 25, 18000, 31, '2019-10-31 00:00:00', '2019-10-31 00:00:00', 0),
(405, 41, 22, 700, 64, '2019-10-31 00:00:00', '2019-10-31 00:00:00', 0),
(406, 22, 10, 2700, 15, '2019-10-31 00:00:00', '2019-10-31 00:00:00', 0),
(407, 50, 15, 7800, 87, '2019-10-31 00:00:00', '2019-10-31 00:00:00', 0),
(408, 25, 2, 18000, 73, '2019-10-31 00:00:00', '2019-10-31 00:00:00', 0),
(409, 41, 3, 700, 58, '2019-10-31 00:00:00', '2019-10-31 00:00:00', 0),
(410, 17, 13, 1800, 35, '2019-10-31 00:00:00', '2019-10-31 00:00:00', 0),
(411, 27, 18, 1905, 19, '2019-10-31 00:00:00', '2019-10-31 00:00:00', 0),
(412, 3, 27, 20000, 28, '2019-10-31 00:00:00', '2019-10-31 00:00:00', 0),
(413, 36, 27, 8000, 38, '2019-10-31 00:00:00', '2019-10-31 00:00:00', 0),
(414, 49, 12, 7000, 95, '2019-10-31 00:00:00', '2019-10-31 00:00:00', 0),
(415, 2, 15, 25000, 51, '2019-10-31 00:00:00', '2019-10-31 00:00:00', 0),
(416, 23, 7, 1800, 44, '2019-10-31 00:00:00', '2019-10-31 00:00:00', 0),
(417, 33, 9, 2500, 31, '2019-10-31 00:00:00', '2019-10-31 00:00:00', 0),
(418, 9, 11, 10000, 18, '2019-10-31 00:00:00', '2019-10-31 00:00:00', 0),
(419, 16, 17, 800, 16, '2019-10-31 00:00:00', '2019-10-31 00:00:00', 0),
(420, 26, 4, 932, 72, '2019-10-31 00:00:00', '2019-10-31 00:00:00', 0),
(421, 6, 22, 9500, 86, '2019-10-31 00:00:00', '2019-10-31 00:00:00', 0),
(422, 42, 11, 1200, 76, '2019-10-31 00:00:00', '2019-10-31 00:00:00', 0),
(423, 12, 29, 275000, 15, '2019-10-31 00:00:00', '2019-10-31 00:00:00', 0),
(424, 37, 21, 700, 75, '2019-10-31 00:00:00', '2019-10-31 00:00:00', 0),
(425, 37, 16, 700, 77, '2019-10-31 00:00:00', '2019-10-31 00:00:00', 0),
(426, 13, 23, 1800, 14, '2019-10-31 00:00:00', '2019-10-31 00:00:00', 0),
(427, 15, 5, 38000, 51, '2019-10-31 00:00:00', '2019-10-31 00:00:00', 0),
(428, 4, 17, 34500, 25, '2019-10-31 00:00:00', '2019-10-31 00:00:00', 0),
(429, 42, 24, 1200, 25, '2019-10-31 00:00:00', '2019-10-31 00:00:00', 0),
(430, 3, 30, 20000, 54, '2019-10-31 00:00:00', '2019-10-31 00:00:00', 0),
(431, 22, 7, 2700, 71, '2019-10-31 00:00:00', '2019-10-31 00:00:00', 0),
(432, 25, 13, 18000, 11, '2019-10-31 00:00:00', '2019-10-31 00:00:00', 0),
(433, 38, 2, 1000, 47, '2019-10-31 00:00:00', '2019-10-31 00:00:00', 0),
(434, 26, 15, 932, 32, '2019-10-31 00:00:00', '2019-10-31 00:00:00', 0),
(435, 29, 27, 1000, 53, '2019-10-31 00:00:00', '2019-10-31 00:00:00', 0),
(436, 44, 4, 3300, 25, '2019-10-31 00:00:00', '2019-10-31 00:00:00', 0),
(437, 42, 8, 1200, 52, '2019-10-31 00:00:00', '2019-10-31 00:00:00', 0),
(438, 9, 16, 10000, 59, '2019-10-31 00:00:00', '2019-10-31 00:00:00', 0),
(439, 15, 16, 38000, 50, '2019-10-31 00:00:00', '2019-10-31 00:00:00', 0),
(440, 50, 15, 7800, 78, '2019-10-31 00:00:00', '2019-10-31 00:00:00', 0),
(441, 28, 6, 2450, 67, '2019-10-31 00:00:00', '2019-10-31 00:00:00', 0),
(442, 26, 14, 932, 52, '2019-10-31 00:00:00', '2019-10-31 00:00:00', 0),
(443, 49, 14, 7000, 65, '2019-10-31 00:00:00', '2019-10-31 00:00:00', 0),
(444, 13, 3, 1800, 69, '2019-10-31 00:00:00', '2019-10-31 00:00:00', 0),
(445, 19, 23, 1000, 77, '2019-10-31 00:00:00', '2019-10-31 00:00:00', 0),
(446, 43, 6, 7800, 62, '2019-10-31 00:00:00', '2019-10-31 00:00:00', 0),
(447, 42, 10, 1200, 26, '2019-10-31 00:00:00', '2019-10-31 00:00:00', 0),
(448, 27, 5, 1905, 72, '2019-10-31 00:00:00', '2019-10-31 00:00:00', 0),
(449, 18, 30, 2000, 52, '2019-10-31 00:00:00', '2019-10-31 00:00:00', 0),
(450, 4, 15, 34500, 53, '2019-10-31 00:00:00', '2019-10-31 00:00:00', 0),
(451, 41, 24, 700, 79, '2019-11-30 00:00:00', '2019-11-30 00:00:00', 0),
(452, 17, 17, 1800, 89, '2019-11-30 00:00:00', '2019-11-30 00:00:00', 0),
(453, 19, 2, 1000, 91, '2019-11-30 00:00:00', '2019-11-30 00:00:00', 0),
(454, 44, 12, 3300, 49, '2019-11-30 00:00:00', '2019-11-30 00:00:00', 0),
(455, 31, 16, 1400, 86, '2019-11-30 00:00:00', '2019-11-30 00:00:00', 0),
(456, 19, 17, 1000, 73, '2019-11-30 00:00:00', '2019-11-30 00:00:00', 0),
(457, 24, 19, 3300, 35, '2019-11-30 00:00:00', '2019-11-30 00:00:00', 0),
(458, 20, 8, 1600, 88, '2019-11-30 00:00:00', '2019-11-30 00:00:00', 0),
(459, 28, 7, 2450, 98, '2019-11-30 00:00:00', '2019-11-30 00:00:00', 0),
(460, 30, 20, 1706, 45, '2019-11-30 00:00:00', '2019-11-30 00:00:00', 0),
(461, 33, 3, 2500, 48, '2019-11-30 00:00:00', '2019-11-30 00:00:00', 0),
(462, 11, 29, 14000, 36, '2019-11-30 00:00:00', '2019-11-30 00:00:00', 0),
(463, 25, 10, 18000, 99, '2019-11-30 00:00:00', '2019-11-30 00:00:00', 0),
(464, 8, 4, 24500, 42, '2019-11-30 00:00:00', '2019-11-30 00:00:00', 0),
(465, 37, 27, 700, 23, '2019-11-30 00:00:00', '2019-11-30 00:00:00', 0),
(466, 33, 27, 2500, 49, '2019-11-30 00:00:00', '2019-11-30 00:00:00', 0),
(467, 22, 19, 2700, 28, '2019-11-30 00:00:00', '2019-11-30 00:00:00', 0),
(468, 39, 28, 27000, 31, '2019-11-30 00:00:00', '2019-11-30 00:00:00', 0),
(469, 10, 21, 17000, 27, '2019-11-30 00:00:00', '2019-11-30 00:00:00', 0),
(470, 38, 30, 1000, 17, '2019-11-30 00:00:00', '2019-11-30 00:00:00', 0),
(471, 29, 10, 1000, 10, '2019-11-30 00:00:00', '2019-11-30 00:00:00', 0),
(472, 4, 18, 34500, 63, '2019-11-30 00:00:00', '2019-11-30 00:00:00', 0),
(473, 40, 12, 800, 39, '2019-11-30 00:00:00', '2019-11-30 00:00:00', 0),
(474, 49, 25, 7000, 54, '2019-11-30 00:00:00', '2019-11-30 00:00:00', 0),
(475, 18, 15, 2000, 65, '2019-11-30 00:00:00', '2019-11-30 00:00:00', 0),
(476, 35, 22, 1800, 42, '2019-11-30 00:00:00', '2019-11-30 00:00:00', 0),
(477, 16, 6, 800, 75, '2019-11-30 00:00:00', '2019-11-30 00:00:00', 0),
(478, 20, 22, 1600, 11, '2019-11-30 00:00:00', '2019-11-30 00:00:00', 0),
(479, 46, 14, 9500, 60, '2019-11-30 00:00:00', '2019-11-30 00:00:00', 0),
(480, 42, 22, 1200, 63, '2019-11-30 00:00:00', '2019-11-30 00:00:00', 0),
(481, 24, 29, 3300, 68, '2019-11-30 00:00:00', '2019-11-30 00:00:00', 0),
(482, 42, 20, 1200, 45, '2019-11-30 00:00:00', '2019-11-30 00:00:00', 0),
(483, 21, 7, 4500, 15, '2019-11-30 00:00:00', '2019-11-30 00:00:00', 0),
(484, 33, 12, 2500, 56, '2019-11-30 00:00:00', '2019-11-30 00:00:00', 0),
(485, 44, 29, 3300, 21, '2019-11-30 00:00:00', '2019-11-30 00:00:00', 0),
(486, 29, 30, 1000, 63, '2019-11-30 00:00:00', '2019-11-30 00:00:00', 0),
(487, 6, 1, 9500, 88, '2019-11-30 00:00:00', '2019-11-30 00:00:00', 0),
(488, 13, 30, 1800, 75, '2019-11-30 00:00:00', '2019-11-30 00:00:00', 0),
(489, 1, 8, 14000, 82, '2019-11-30 00:00:00', '2019-11-30 00:00:00', 0),
(490, 9, 4, 10000, 21, '2019-11-30 00:00:00', '2019-11-30 00:00:00', 0),
(491, 35, 12, 1800, 86, '2019-11-30 00:00:00', '2019-11-30 00:00:00', 0),
(492, 20, 2, 1600, 25, '2019-11-30 00:00:00', '2019-11-30 00:00:00', 0),
(493, 33, 23, 2500, 88, '2019-11-30 00:00:00', '2019-11-30 00:00:00', 0),
(494, 10, 13, 17000, 53, '2019-11-30 00:00:00', '2019-11-30 00:00:00', 0),
(495, 20, 19, 1600, 49, '2019-11-30 00:00:00', '2019-11-30 00:00:00', 0),
(496, 8, 20, 24500, 95, '2019-11-30 00:00:00', '2019-11-30 00:00:00', 0),
(497, 29, 24, 1000, 12, '2019-11-30 00:00:00', '2019-11-30 00:00:00', 0),
(498, 45, 16, 1800, 25, '2019-11-30 00:00:00', '2019-11-30 00:00:00', 0),
(499, 22, 25, 2700, 38, '2019-11-30 00:00:00', '2019-11-30 00:00:00', 0),
(500, 6, 8, 9500, 44, '2019-11-30 00:00:00', '2019-11-30 00:00:00', 0);

-- --------------------------------------------------------

--
-- Table structure for table `sales`
--

CREATE TABLE `sales` (
  `id` int(11) NOT NULL,
  `product_id` int(11) NOT NULL,
  `quantity` int(11) NOT NULL,
  `discount` int(11) NOT NULL,
  `invoice_id` int(11) NOT NULL,
  `created_at` datetime NOT NULL DEFAULT current_timestamp(),
  `updated_at` datetime NOT NULL DEFAULT current_timestamp(),
  `deleted` int(6) NOT NULL DEFAULT 0
) ENGINE=InnoDB DEFAULT CHARSET=latin1;

--
-- Dumping data for table `sales`
--

INSERT INTO `sales` (`id`, `product_id`, `quantity`, `discount`, `invoice_id`, `created_at`, `updated_at`, `deleted`) VALUES
(1, 18, 6, 10, 1, '2019-07-31 00:00:00', '2019-07-31 00:00:00', 0),
(2, 1, 6, 7, 1, '2019-07-31 00:00:00', '2019-07-31 00:00:00', 0),
(3, 50, 7, 6, 1, '2019-07-31 00:00:00', '2019-07-31 00:00:00', 0),
(4, 4, 5, 5, 1, '2019-07-31 00:00:00', '2019-07-31 00:00:00', 0),
(5, 11, 3, 6, 2, '2019-07-31 00:00:00', '2019-07-31 00:00:00', 0),
(6, 37, 1, 9, 2, '2019-07-31 00:00:00', '2019-07-31 00:00:00', 0),
(7, 28, 9, 9, 3, '2019-07-31 00:00:00', '2019-07-31 00:00:00', 0),
(8, 14, 10, 5, 3, '2019-07-31 00:00:00', '2019-07-31 00:00:00', 0),
(9, 37, 8, 6, 4, '2019-07-31 00:00:00', '2019-07-31 00:00:00', 0),
(10, 46, 3, 10, 4, '2019-07-31 00:00:00', '2019-07-31 00:00:00', 0),
(11, 36, 2, 5, 4, '2019-07-31 00:00:00', '2019-07-31 00:00:00', 0),
(12, 19, 9, 9, 4, '2019-07-31 00:00:00', '2019-07-31 00:00:00', 0),
(13, 35, 7, 10, 4, '2019-07-31 00:00:00', '2019-07-31 00:00:00', 0),
(14, 30, 9, 8, 4, '2019-07-31 00:00:00', '2019-07-31 00:00:00', 0),
(15, 45, 6, 7, 5, '2019-07-31 00:00:00', '2019-07-31 00:00:00', 0),
(16, 28, 8, 9, 5, '2019-07-31 00:00:00', '2019-07-31 00:00:00', 0),
(17, 21, 8, 8, 5, '2019-07-31 00:00:00', '2019-07-31 00:00:00', 0),
(18, 31, 1, 9, 6, '2019-07-31 00:00:00', '2019-07-31 00:00:00', 0),
(19, 29, 6, 9, 6, '2019-07-31 00:00:00', '2019-07-31 00:00:00', 0),
(20, 43, 4, 7, 6, '2019-07-31 00:00:00', '2019-07-31 00:00:00', 0),
(21, 38, 8, 10, 6, '2019-07-31 00:00:00', '2019-07-31 00:00:00', 0),
(22, 18, 6, 6, 6, '2019-07-31 00:00:00', '2019-07-31 00:00:00', 0),
(23, 4, 3, 10, 6, '2019-07-31 00:00:00', '2019-07-31 00:00:00', 0),
(24, 28, 3, 7, 7, '2019-07-31 00:00:00', '2019-07-31 00:00:00', 0),
(25, 37, 5, 5, 7, '2019-07-31 00:00:00', '2019-07-31 00:00:00', 0),
(26, 3, 3, 6, 7, '2019-07-31 00:00:00', '2019-07-31 00:00:00', 0),
(27, 27, 5, 9, 8, '2019-07-31 00:00:00', '2019-07-31 00:00:00', 0),
(28, 49, 4, 9, 8, '2019-07-31 00:00:00', '2019-07-31 00:00:00', 0),
(29, 39, 9, 5, 8, '2019-07-31 00:00:00', '2019-07-31 00:00:00', 0),
(30, 26, 1, 7, 8, '2019-07-31 00:00:00', '2019-07-31 00:00:00', 0),
(31, 10, 2, 9, 8, '2019-07-31 00:00:00', '2019-07-31 00:00:00', 0),
(32, 28, 4, 5, 8, '2019-07-31 00:00:00', '2019-07-31 00:00:00', 0),
(33, 38, 7, 7, 9, '2019-07-31 00:00:00', '2019-07-31 00:00:00', 0),
(34, 5, 5, 8, 9, '2019-07-31 00:00:00', '2019-07-31 00:00:00', 0),
(35, 34, 3, 10, 9, '2019-07-31 00:00:00', '2019-07-31 00:00:00', 0),
(36, 33, 9, 7, 9, '2019-07-31 00:00:00', '2019-07-31 00:00:00', 0),
(37, 28, 6, 10, 9, '2019-07-31 00:00:00', '2019-07-31 00:00:00', 0),
(38, 9, 4, 10, 10, '2019-07-31 00:00:00', '2019-07-31 00:00:00', 0),
(39, 13, 2, 5, 10, '2019-07-31 00:00:00', '2019-07-31 00:00:00', 0),
(40, 2, 6, 9, 10, '2019-07-31 00:00:00', '2019-07-31 00:00:00', 0),
(41, 18, 10, 10, 10, '2019-07-31 00:00:00', '2019-07-31 00:00:00', 0),
(42, 16, 5, 7, 10, '2019-07-31 00:00:00', '2019-07-31 00:00:00', 0),
(43, 4, 2, 7, 10, '2019-07-31 00:00:00', '2019-07-31 00:00:00', 0),
(44, 6, 1, 8, 11, '2019-07-31 00:00:00', '2019-07-31 00:00:00', 0),
(45, 4, 6, 8, 11, '2019-07-31 00:00:00', '2019-07-31 00:00:00', 0),
(46, 26, 3, 5, 11, '2019-07-31 00:00:00', '2019-07-31 00:00:00', 0),
(47, 12, 2, 10, 12, '2019-07-31 00:00:00', '2019-07-31 00:00:00', 0),
(48, 7, 8, 9, 12, '2019-07-31 00:00:00', '2019-07-31 00:00:00', 0),
(49, 32, 2, 6, 12, '2019-07-31 00:00:00', '2019-07-31 00:00:00', 0),
(50, 44, 1, 9, 12, '2019-07-31 00:00:00', '2019-07-31 00:00:00', 0),
(51, 2, 4, 7, 12, '2019-07-31 00:00:00', '2019-07-31 00:00:00', 0),
(52, 22, 5, 5, 13, '2019-07-31 00:00:00', '2019-07-31 00:00:00', 0),
(53, 28, 9, 9, 13, '2019-07-31 00:00:00', '2019-07-31 00:00:00', 0),
(54, 20, 3, 6, 13, '2019-07-31 00:00:00', '2019-07-31 00:00:00', 0),
(55, 39, 3, 9, 13, '2019-07-31 00:00:00', '2019-07-31 00:00:00', 0),
(56, 16, 5, 7, 13, '2019-07-31 00:00:00', '2019-07-31 00:00:00', 0),
(57, 14, 5, 9, 13, '2019-07-31 00:00:00', '2019-07-31 00:00:00', 0),
(58, 10, 1, 7, 14, '2019-07-31 00:00:00', '2019-07-31 00:00:00', 0),
(59, 16, 3, 7, 14, '2019-07-31 00:00:00', '2019-07-31 00:00:00', 0),
(60, 48, 10, 6, 14, '2019-07-31 00:00:00', '2019-07-31 00:00:00', 0),
(61, 14, 6, 6, 14, '2019-07-31 00:00:00', '2019-07-31 00:00:00', 0),
(62, 22, 10, 6, 14, '2019-07-31 00:00:00', '2019-07-31 00:00:00', 0),
(63, 46, 2, 10, 14, '2019-07-31 00:00:00', '2019-07-31 00:00:00', 0),
(64, 28, 6, 7, 15, '2019-07-31 00:00:00', '2019-07-31 00:00:00', 0),
(65, 5, 5, 6, 15, '2019-07-31 00:00:00', '2019-07-31 00:00:00', 0),
(66, 12, 9, 8, 15, '2019-07-31 00:00:00', '2019-07-31 00:00:00', 0),
(67, 48, 4, 6, 15, '2019-07-31 00:00:00', '2019-07-31 00:00:00', 0),
(68, 22, 10, 9, 15, '2019-07-31 00:00:00', '2019-07-31 00:00:00', 0),
(69, 34, 10, 10, 15, '2019-07-31 00:00:00', '2019-07-31 00:00:00', 0),
(70, 10, 5, 10, 16, '2019-07-31 00:00:00', '2019-07-31 00:00:00', 0),
(71, 48, 5, 9, 16, '2019-07-31 00:00:00', '2019-07-31 00:00:00', 0),
(72, 25, 5, 6, 16, '2019-07-31 00:00:00', '2019-07-31 00:00:00', 0),
(73, 10, 8, 8, 16, '2019-07-31 00:00:00', '2019-07-31 00:00:00', 0),
(74, 40, 6, 5, 16, '2019-07-31 00:00:00', '2019-07-31 00:00:00', 0),
(75, 18, 8, 8, 16, '2019-07-31 00:00:00', '2019-07-31 00:00:00', 0),
(76, 43, 7, 7, 17, '2019-07-31 00:00:00', '2019-07-31 00:00:00', 0),
(77, 48, 10, 7, 17, '2019-07-31 00:00:00', '2019-07-31 00:00:00', 0),
(78, 22, 7, 10, 17, '2019-07-31 00:00:00', '2019-07-31 00:00:00', 0),
(79, 17, 10, 9, 18, '2019-07-31 00:00:00', '2019-07-31 00:00:00', 0),
(80, 3, 5, 6, 18, '2019-07-31 00:00:00', '2019-07-31 00:00:00', 0),
(81, 44, 1, 8, 18, '2019-07-31 00:00:00', '2019-07-31 00:00:00', 0),
(82, 29, 2, 6, 18, '2019-07-31 00:00:00', '2019-07-31 00:00:00', 0),
(83, 45, 3, 8, 18, '2019-07-31 00:00:00', '2019-07-31 00:00:00', 0),
(84, 15, 10, 7, 19, '2019-07-31 00:00:00', '2019-07-31 00:00:00', 0),
(85, 47, 5, 8, 19, '2019-07-31 00:00:00', '2019-07-31 00:00:00', 0),
(86, 33, 2, 9, 19, '2019-07-31 00:00:00', '2019-07-31 00:00:00', 0),
(87, 13, 3, 7, 19, '2019-07-31 00:00:00', '2019-07-31 00:00:00', 0),
(88, 30, 9, 9, 19, '2019-07-31 00:00:00', '2019-07-31 00:00:00', 0),
(89, 22, 8, 10, 19, '2019-07-31 00:00:00', '2019-07-31 00:00:00', 0),
(90, 33, 5, 6, 20, '2019-07-31 00:00:00', '2019-07-31 00:00:00', 0),
(91, 27, 6, 10, 20, '2019-07-31 00:00:00', '2019-07-31 00:00:00', 0),
(92, 5, 7, 9, 21, '2019-08-31 00:00:00', '2019-08-31 00:00:00', 0),
(93, 30, 9, 7, 21, '2019-08-31 00:00:00', '2019-08-31 00:00:00', 0),
(94, 8, 9, 6, 21, '2019-08-31 00:00:00', '2019-08-31 00:00:00', 0),
(95, 12, 4, 10, 21, '2019-08-31 00:00:00', '2019-08-31 00:00:00', 0),
(96, 31, 5, 10, 21, '2019-08-31 00:00:00', '2019-08-31 00:00:00', 0),
(97, 49, 2, 9, 22, '2019-08-31 00:00:00', '2019-08-31 00:00:00', 0),
(98, 16, 4, 6, 22, '2019-08-31 00:00:00', '2019-08-31 00:00:00', 0),
(99, 33, 7, 5, 22, '2019-08-31 00:00:00', '2019-08-31 00:00:00', 0),
(100, 32, 5, 9, 23, '2019-08-31 00:00:00', '2019-08-31 00:00:00', 0),
(101, 38, 2, 9, 23, '2019-08-31 00:00:00', '2019-08-31 00:00:00', 0),
(102, 1, 2, 10, 23, '2019-08-31 00:00:00', '2019-08-31 00:00:00', 0),
(103, 49, 4, 5, 23, '2019-08-31 00:00:00', '2019-08-31 00:00:00', 0),
(104, 45, 7, 6, 23, '2019-08-31 00:00:00', '2019-08-31 00:00:00', 0),
(105, 27, 10, 5, 24, '2019-08-31 00:00:00', '2019-08-31 00:00:00', 0),
(106, 13, 7, 5, 24, '2019-08-31 00:00:00', '2019-08-31 00:00:00', 0),
(107, 35, 6, 9, 24, '2019-08-31 00:00:00', '2019-08-31 00:00:00', 0),
(108, 25, 9, 8, 24, '2019-08-31 00:00:00', '2019-08-31 00:00:00', 0),
(109, 46, 5, 9, 24, '2019-08-31 00:00:00', '2019-08-31 00:00:00', 0),
(110, 46, 1, 6, 24, '2019-08-31 00:00:00', '2019-08-31 00:00:00', 0),
(111, 24, 8, 7, 25, '2019-08-31 00:00:00', '2019-08-31 00:00:00', 0),
(112, 32, 1, 10, 25, '2019-08-31 00:00:00', '2019-08-31 00:00:00', 0),
(113, 37, 5, 5, 25, '2019-08-31 00:00:00', '2019-08-31 00:00:00', 0),
(114, 13, 5, 9, 25, '2019-08-31 00:00:00', '2019-08-31 00:00:00', 0),
(115, 2, 8, 9, 25, '2019-08-31 00:00:00', '2019-08-31 00:00:00', 0),
(116, 35, 2, 7, 26, '2019-08-31 00:00:00', '2019-08-31 00:00:00', 0),
(117, 49, 3, 9, 26, '2019-08-31 00:00:00', '2019-08-31 00:00:00', 0),
(118, 45, 5, 7, 27, '2019-08-31 00:00:00', '2019-08-31 00:00:00', 0),
(119, 34, 9, 6, 27, '2019-08-31 00:00:00', '2019-08-31 00:00:00', 0),
(120, 15, 10, 5, 27, '2019-08-31 00:00:00', '2019-08-31 00:00:00', 0),
(121, 35, 3, 9, 27, '2019-08-31 00:00:00', '2019-08-31 00:00:00', 0),
(122, 26, 6, 10, 27, '2019-08-31 00:00:00', '2019-08-31 00:00:00', 0),
(123, 32, 7, 9, 27, '2019-08-31 00:00:00', '2019-08-31 00:00:00', 0),
(124, 11, 6, 10, 28, '2019-08-31 00:00:00', '2019-08-31 00:00:00', 0),
(125, 7, 9, 10, 28, '2019-08-31 00:00:00', '2019-08-31 00:00:00', 0),
(126, 14, 6, 5, 28, '2019-08-31 00:00:00', '2019-08-31 00:00:00', 0),
(127, 32, 2, 5, 28, '2019-08-31 00:00:00', '2019-08-31 00:00:00', 0),
(128, 42, 8, 10, 28, '2019-08-31 00:00:00', '2019-08-31 00:00:00', 0),
(129, 7, 9, 6, 28, '2019-08-31 00:00:00', '2019-08-31 00:00:00', 0),
(130, 40, 8, 8, 29, '2019-08-31 00:00:00', '2019-08-31 00:00:00', 0),
(131, 34, 4, 10, 29, '2019-08-31 00:00:00', '2019-08-31 00:00:00', 0),
(132, 46, 5, 8, 29, '2019-08-31 00:00:00', '2019-08-31 00:00:00', 0),
(133, 41, 2, 8, 29, '2019-08-31 00:00:00', '2019-08-31 00:00:00', 0),
(134, 50, 7, 7, 30, '2019-08-31 00:00:00', '2019-08-31 00:00:00', 0),
(135, 33, 7, 6, 30, '2019-08-31 00:00:00', '2019-08-31 00:00:00', 0),
(136, 38, 4, 8, 30, '2019-08-31 00:00:00', '2019-08-31 00:00:00', 0),
(137, 48, 1, 7, 31, '2019-08-31 00:00:00', '2019-08-31 00:00:00', 0),
(138, 21, 5, 10, 31, '2019-08-31 00:00:00', '2019-08-31 00:00:00', 0),
(139, 24, 6, 6, 31, '2019-08-31 00:00:00', '2019-08-31 00:00:00', 0),
(140, 8, 1, 10, 32, '2019-08-31 00:00:00', '2019-08-31 00:00:00', 0),
(141, 38, 3, 9, 32, '2019-08-31 00:00:00', '2019-08-31 00:00:00', 0),
(142, 22, 7, 9, 32, '2019-08-31 00:00:00', '2019-08-31 00:00:00', 0),
(143, 50, 2, 6, 32, '2019-08-31 00:00:00', '2019-08-31 00:00:00', 0),
(144, 5, 6, 5, 32, '2019-08-31 00:00:00', '2019-08-31 00:00:00', 0),
(145, 23, 8, 8, 33, '2019-08-31 00:00:00', '2019-08-31 00:00:00', 0),
(146, 41, 3, 10, 33, '2019-08-31 00:00:00', '2019-08-31 00:00:00', 0),
(147, 21, 1, 10, 33, '2019-08-31 00:00:00', '2019-08-31 00:00:00', 0),
(148, 14, 7, 6, 33, '2019-08-31 00:00:00', '2019-08-31 00:00:00', 0),
(149, 41, 2, 10, 33, '2019-08-31 00:00:00', '2019-08-31 00:00:00', 0),
(150, 27, 10, 7, 34, '2019-08-31 00:00:00', '2019-08-31 00:00:00', 0),
(151, 19, 3, 8, 34, '2019-08-31 00:00:00', '2019-08-31 00:00:00', 0),
(152, 34, 6, 9, 34, '2019-08-31 00:00:00', '2019-08-31 00:00:00', 0),
(153, 32, 1, 5, 34, '2019-08-31 00:00:00', '2019-08-31 00:00:00', 0),
(154, 42, 5, 5, 34, '2019-08-31 00:00:00', '2019-08-31 00:00:00', 0),
(155, 25, 1, 6, 34, '2019-08-31 00:00:00', '2019-08-31 00:00:00', 0),
(156, 17, 3, 10, 35, '2019-08-31 00:00:00', '2019-08-31 00:00:00', 0),
(157, 50, 2, 10, 35, '2019-08-31 00:00:00', '2019-08-31 00:00:00', 0),
(158, 27, 6, 7, 35, '2019-08-31 00:00:00', '2019-08-31 00:00:00', 0),
(159, 11, 2, 5, 35, '2019-08-31 00:00:00', '2019-08-31 00:00:00', 0),
(160, 20, 3, 5, 35, '2019-08-31 00:00:00', '2019-08-31 00:00:00', 0),
(161, 40, 4, 7, 35, '2019-08-31 00:00:00', '2019-08-31 00:00:00', 0),
(162, 8, 6, 5, 36, '2019-08-31 00:00:00', '2019-08-31 00:00:00', 0),
(163, 8, 3, 10, 36, '2019-08-31 00:00:00', '2019-08-31 00:00:00', 0),
(164, 23, 2, 6, 36, '2019-08-31 00:00:00', '2019-08-31 00:00:00', 0),
(165, 3, 7, 6, 37, '2019-08-31 00:00:00', '2019-08-31 00:00:00', 0),
(166, 37, 2, 7, 37, '2019-08-31 00:00:00', '2019-08-31 00:00:00', 0),
(167, 32, 9, 9, 37, '2019-08-31 00:00:00', '2019-08-31 00:00:00', 0),
(168, 10, 3, 10, 37, '2019-08-31 00:00:00', '2019-08-31 00:00:00', 0),
(169, 35, 8, 10, 38, '2019-08-31 00:00:00', '2019-08-31 00:00:00', 0),
(170, 21, 8, 6, 38, '2019-08-31 00:00:00', '2019-08-31 00:00:00', 0),
(171, 19, 3, 6, 39, '2019-08-31 00:00:00', '2019-08-31 00:00:00', 0),
(172, 34, 10, 8, 39, '2019-08-31 00:00:00', '2019-08-31 00:00:00', 0),
(173, 40, 2, 7, 39, '2019-08-31 00:00:00', '2019-08-31 00:00:00', 0),
(174, 38, 6, 9, 39, '2019-08-31 00:00:00', '2019-08-31 00:00:00', 0),
(175, 5, 2, 10, 39, '2019-08-31 00:00:00', '2019-08-31 00:00:00', 0),
(176, 17, 2, 8, 40, '2019-08-31 00:00:00', '2019-08-31 00:00:00', 0),
(177, 1, 6, 5, 40, '2019-08-31 00:00:00', '2019-08-31 00:00:00', 0),
(178, 46, 1, 5, 40, '2019-08-31 00:00:00', '2019-08-31 00:00:00', 0),
(179, 30, 1, 7, 40, '2019-08-31 00:00:00', '2019-08-31 00:00:00', 0),
(180, 37, 7, 10, 41, '2019-08-31 00:00:00', '2019-08-31 00:00:00', 0),
(181, 10, 3, 9, 41, '2019-08-31 00:00:00', '2019-08-31 00:00:00', 0),
(182, 8, 1, 9, 41, '2019-08-31 00:00:00', '2019-08-31 00:00:00', 0),
(183, 18, 8, 9, 42, '2019-08-31 00:00:00', '2019-08-31 00:00:00', 0),
(184, 23, 9, 8, 42, '2019-08-31 00:00:00', '2019-08-31 00:00:00', 0),
(185, 22, 9, 5, 42, '2019-08-31 00:00:00', '2019-08-31 00:00:00', 0),
(186, 41, 9, 10, 42, '2019-08-31 00:00:00', '2019-08-31 00:00:00', 0),
(187, 43, 2, 10, 42, '2019-08-31 00:00:00', '2019-08-31 00:00:00', 0),
(188, 35, 3, 6, 43, '2019-08-31 00:00:00', '2019-08-31 00:00:00', 0),
(189, 45, 5, 10, 43, '2019-08-31 00:00:00', '2019-08-31 00:00:00', 0),
(190, 6, 1, 8, 43, '2019-08-31 00:00:00', '2019-08-31 00:00:00', 0),
(191, 47, 7, 5, 44, '2019-08-31 00:00:00', '2019-08-31 00:00:00', 0),
(192, 21, 10, 10, 44, '2019-08-31 00:00:00', '2019-08-31 00:00:00', 0),
(193, 31, 8, 7, 44, '2019-08-31 00:00:00', '2019-08-31 00:00:00', 0),
(194, 32, 2, 7, 45, '2019-08-31 00:00:00', '2019-08-31 00:00:00', 0),
(195, 26, 6, 9, 45, '2019-08-31 00:00:00', '2019-08-31 00:00:00', 0),
(196, 46, 4, 8, 46, '2019-08-31 00:00:00', '2019-08-31 00:00:00', 0),
(197, 12, 1, 9, 46, '2019-08-31 00:00:00', '2019-08-31 00:00:00', 0),
(198, 22, 7, 6, 46, '2019-08-31 00:00:00', '2019-08-31 00:00:00', 0),
(199, 49, 9, 8, 46, '2019-08-31 00:00:00', '2019-08-31 00:00:00', 0),
(200, 22, 2, 9, 46, '2019-08-31 00:00:00', '2019-08-31 00:00:00', 0),
(201, 14, 1, 7, 47, '2019-08-31 00:00:00', '2019-08-31 00:00:00', 0),
(202, 19, 7, 5, 47, '2019-08-31 00:00:00', '2019-08-31 00:00:00', 0),
(203, 33, 6, 8, 47, '2019-08-31 00:00:00', '2019-08-31 00:00:00', 0),
(204, 24, 7, 8, 48, '2019-08-31 00:00:00', '2019-08-31 00:00:00', 0),
(205, 29, 4, 5, 48, '2019-08-31 00:00:00', '2019-08-31 00:00:00', 0),
(206, 29, 1, 9, 48, '2019-08-31 00:00:00', '2019-08-31 00:00:00', 0),
(207, 8, 9, 5, 49, '2019-08-31 00:00:00', '2019-08-31 00:00:00', 0),
(208, 46, 10, 6, 49, '2019-08-31 00:00:00', '2019-08-31 00:00:00', 0),
(209, 18, 1, 9, 50, '2019-08-31 00:00:00', '2019-08-31 00:00:00', 0),
(210, 9, 10, 9, 50, '2019-08-31 00:00:00', '2019-08-31 00:00:00', 0),
(211, 47, 5, 10, 50, '2019-08-31 00:00:00', '2019-08-31 00:00:00', 0),
(212, 14, 4, 8, 50, '2019-08-31 00:00:00', '2019-08-31 00:00:00', 0),
(213, 47, 7, 5, 50, '2019-08-31 00:00:00', '2019-08-31 00:00:00', 0),
(214, 3, 9, 8, 51, '2019-08-31 00:00:00', '2019-08-31 00:00:00', 0),
(215, 12, 9, 7, 51, '2019-08-31 00:00:00', '2019-08-31 00:00:00', 0),
(216, 6, 9, 7, 51, '2019-08-31 00:00:00', '2019-08-31 00:00:00', 0),
(217, 48, 10, 10, 51, '2019-08-31 00:00:00', '2019-08-31 00:00:00', 0),
(218, 39, 5, 6, 52, '2019-08-31 00:00:00', '2019-08-31 00:00:00', 0),
(219, 5, 5, 10, 52, '2019-08-31 00:00:00', '2019-08-31 00:00:00', 0),
(220, 39, 1, 9, 52, '2019-08-31 00:00:00', '2019-08-31 00:00:00', 0),
(221, 28, 1, 10, 52, '2019-08-31 00:00:00', '2019-08-31 00:00:00', 0),
(222, 28, 5, 6, 52, '2019-08-31 00:00:00', '2019-08-31 00:00:00', 0),
(223, 8, 7, 6, 52, '2019-08-31 00:00:00', '2019-08-31 00:00:00', 0),
(224, 15, 2, 6, 53, '2019-08-31 00:00:00', '2019-08-31 00:00:00', 0),
(225, 28, 2, 10, 53, '2019-08-31 00:00:00', '2019-08-31 00:00:00', 0),
(226, 17, 1, 10, 54, '2019-08-31 00:00:00', '2019-08-31 00:00:00', 0),
(227, 10, 5, 5, 54, '2019-08-31 00:00:00', '2019-08-31 00:00:00', 0),
(228, 35, 10, 10, 54, '2019-08-31 00:00:00', '2019-08-31 00:00:00', 0),
(229, 4, 6, 8, 54, '2019-08-31 00:00:00', '2019-08-31 00:00:00', 0),
(230, 17, 2, 5, 54, '2019-08-31 00:00:00', '2019-08-31 00:00:00', 0),
(231, 8, 1, 8, 55, '2019-08-31 00:00:00', '2019-08-31 00:00:00', 0),
(232, 41, 2, 6, 55, '2019-08-31 00:00:00', '2019-08-31 00:00:00', 0),
(233, 43, 3, 7, 56, '2019-09-30 00:00:00', '2019-09-30 00:00:00', 0),
(234, 29, 8, 8, 56, '2019-09-30 00:00:00', '2019-09-30 00:00:00', 0),
(235, 32, 6, 5, 56, '2019-09-30 00:00:00', '2019-09-30 00:00:00', 0),
(236, 25, 5, 6, 56, '2019-09-30 00:00:00', '2019-09-30 00:00:00', 0),
(237, 10, 8, 8, 56, '2019-09-30 00:00:00', '2019-09-30 00:00:00', 0),
(238, 9, 4, 5, 57, '2019-09-30 00:00:00', '2019-09-30 00:00:00', 0),
(239, 43, 6, 10, 57, '2019-09-30 00:00:00', '2019-09-30 00:00:00', 0),
(240, 32, 1, 7, 57, '2019-09-30 00:00:00', '2019-09-30 00:00:00', 0),
(241, 31, 1, 9, 57, '2019-09-30 00:00:00', '2019-09-30 00:00:00', 0),
(242, 22, 2, 6, 57, '2019-09-30 00:00:00', '2019-09-30 00:00:00', 0),
(243, 7, 6, 6, 57, '2019-09-30 00:00:00', '2019-09-30 00:00:00', 0),
(244, 50, 1, 6, 58, '2019-09-30 00:00:00', '2019-09-30 00:00:00', 0),
(245, 26, 5, 9, 58, '2019-09-30 00:00:00', '2019-09-30 00:00:00', 0),
(246, 35, 7, 6, 58, '2019-09-30 00:00:00', '2019-09-30 00:00:00', 0),
(247, 11, 1, 7, 58, '2019-09-30 00:00:00', '2019-09-30 00:00:00', 0),
(248, 9, 10, 10, 58, '2019-09-30 00:00:00', '2019-09-30 00:00:00', 0),
(249, 40, 8, 9, 58, '2019-09-30 00:00:00', '2019-09-30 00:00:00', 0),
(250, 50, 1, 6, 59, '2019-09-30 00:00:00', '2019-09-30 00:00:00', 0),
(251, 8, 4, 7, 59, '2019-09-30 00:00:00', '2019-09-30 00:00:00', 0),
(252, 20, 9, 7, 59, '2019-09-30 00:00:00', '2019-09-30 00:00:00', 0),
(253, 41, 10, 8, 60, '2019-09-30 00:00:00', '2019-09-30 00:00:00', 0),
(254, 14, 1, 5, 60, '2019-09-30 00:00:00', '2019-09-30 00:00:00', 0),
(255, 14, 4, 6, 60, '2019-09-30 00:00:00', '2019-09-30 00:00:00', 0),
(256, 48, 4, 10, 60, '2019-09-30 00:00:00', '2019-09-30 00:00:00', 0),
(257, 21, 2, 5, 61, '2019-09-30 00:00:00', '2019-09-30 00:00:00', 0),
(258, 3, 5, 6, 61, '2019-09-30 00:00:00', '2019-09-30 00:00:00', 0),
(259, 12, 8, 7, 61, '2019-09-30 00:00:00', '2019-09-30 00:00:00', 0),
(260, 35, 7, 5, 61, '2019-09-30 00:00:00', '2019-09-30 00:00:00', 0),
(261, 5, 6, 7, 61, '2019-09-30 00:00:00', '2019-09-30 00:00:00', 0),
(262, 25, 5, 8, 62, '2019-09-30 00:00:00', '2019-09-30 00:00:00', 0),
(263, 14, 4, 9, 62, '2019-09-30 00:00:00', '2019-09-30 00:00:00', 0),
(264, 9, 2, 10, 62, '2019-09-30 00:00:00', '2019-09-30 00:00:00', 0),
(265, 35, 5, 8, 62, '2019-09-30 00:00:00', '2019-09-30 00:00:00', 0),
(266, 12, 8, 10, 63, '2019-09-30 00:00:00', '2019-09-30 00:00:00', 0),
(267, 33, 2, 5, 63, '2019-09-30 00:00:00', '2019-09-30 00:00:00', 0),
(268, 22, 9, 10, 64, '2019-09-30 00:00:00', '2019-09-30 00:00:00', 0),
(269, 36, 2, 6, 64, '2019-09-30 00:00:00', '2019-09-30 00:00:00', 0),
(270, 49, 5, 7, 64, '2019-09-30 00:00:00', '2019-09-30 00:00:00', 0),
(271, 36, 4, 5, 65, '2019-09-30 00:00:00', '2019-09-30 00:00:00', 0),
(272, 20, 5, 5, 65, '2019-09-30 00:00:00', '2019-09-30 00:00:00', 0),
(273, 2, 1, 9, 65, '2019-09-30 00:00:00', '2019-09-30 00:00:00', 0),
(274, 41, 1, 5, 65, '2019-09-30 00:00:00', '2019-09-30 00:00:00', 0),
(275, 6, 5, 6, 65, '2019-09-30 00:00:00', '2019-09-30 00:00:00', 0),
(276, 14, 1, 8, 66, '2019-09-30 00:00:00', '2019-09-30 00:00:00', 0),
(277, 22, 6, 9, 66, '2019-09-30 00:00:00', '2019-09-30 00:00:00', 0),
(278, 15, 4, 5, 67, '2019-09-30 00:00:00', '2019-09-30 00:00:00', 0),
(279, 1, 2, 5, 67, '2019-09-30 00:00:00', '2019-09-30 00:00:00', 0),
(280, 16, 4, 8, 67, '2019-09-30 00:00:00', '2019-09-30 00:00:00', 0),
(281, 22, 10, 6, 67, '2019-09-30 00:00:00', '2019-09-30 00:00:00', 0),
(282, 16, 5, 6, 67, '2019-09-30 00:00:00', '2019-09-30 00:00:00', 0),
(283, 1, 9, 10, 67, '2019-09-30 00:00:00', '2019-09-30 00:00:00', 0),
(284, 32, 5, 6, 68, '2019-09-30 00:00:00', '2019-09-30 00:00:00', 0),
(285, 7, 7, 10, 68, '2019-09-30 00:00:00', '2019-09-30 00:00:00', 0),
(286, 34, 7, 10, 69, '2019-09-30 00:00:00', '2019-09-30 00:00:00', 0),
(287, 28, 9, 6, 69, '2019-09-30 00:00:00', '2019-09-30 00:00:00', 0),
(288, 18, 1, 7, 69, '2019-09-30 00:00:00', '2019-09-30 00:00:00', 0),
(289, 30, 8, 7, 69, '2019-09-30 00:00:00', '2019-09-30 00:00:00', 0),
(290, 5, 3, 8, 69, '2019-09-30 00:00:00', '2019-09-30 00:00:00', 0),
(291, 3, 2, 9, 70, '2019-09-30 00:00:00', '2019-09-30 00:00:00', 0),
(292, 15, 6, 9, 70, '2019-09-30 00:00:00', '2019-09-30 00:00:00', 0),
(293, 32, 2, 9, 71, '2019-09-30 00:00:00', '2019-09-30 00:00:00', 0),
(294, 17, 5, 7, 71, '2019-09-30 00:00:00', '2019-09-30 00:00:00', 0),
(295, 27, 10, 9, 71, '2019-09-30 00:00:00', '2019-09-30 00:00:00', 0),
(296, 13, 10, 5, 71, '2019-09-30 00:00:00', '2019-09-30 00:00:00', 0),
(297, 19, 6, 10, 72, '2019-09-30 00:00:00', '2019-09-30 00:00:00', 0),
(298, 47, 3, 10, 72, '2019-09-30 00:00:00', '2019-09-30 00:00:00', 0),
(299, 6, 7, 9, 72, '2019-09-30 00:00:00', '2019-09-30 00:00:00', 0),
(300, 14, 10, 7, 72, '2019-09-30 00:00:00', '2019-09-30 00:00:00', 0),
(301, 17, 7, 9, 72, '2019-09-30 00:00:00', '2019-09-30 00:00:00', 0),
(302, 7, 8, 6, 72, '2019-09-30 00:00:00', '2019-09-30 00:00:00', 0),
(303, 31, 4, 6, 73, '2019-09-30 00:00:00', '2019-09-30 00:00:00', 0),
(304, 3, 5, 6, 73, '2019-09-30 00:00:00', '2019-09-30 00:00:00', 0),
(305, 48, 1, 10, 73, '2019-09-30 00:00:00', '2019-09-30 00:00:00', 0),
(306, 18, 8, 5, 74, '2019-09-30 00:00:00', '2019-09-30 00:00:00', 0),
(307, 47, 9, 7, 74, '2019-09-30 00:00:00', '2019-09-30 00:00:00', 0),
(308, 15, 2, 7, 74, '2019-09-30 00:00:00', '2019-09-30 00:00:00', 0),
(309, 24, 3, 6, 75, '2019-09-30 00:00:00', '2019-09-30 00:00:00', 0),
(310, 13, 1, 10, 75, '2019-09-30 00:00:00', '2019-09-30 00:00:00', 0),
(311, 34, 2, 5, 75, '2019-09-30 00:00:00', '2019-09-30 00:00:00', 0),
(312, 5, 6, 9, 75, '2019-09-30 00:00:00', '2019-09-30 00:00:00', 0),
(313, 46, 7, 9, 76, '2019-09-30 00:00:00', '2019-09-30 00:00:00', 0),
(314, 9, 7, 6, 76, '2019-09-30 00:00:00', '2019-09-30 00:00:00', 0),
(315, 14, 5, 10, 76, '2019-09-30 00:00:00', '2019-09-30 00:00:00', 0),
(316, 27, 6, 6, 76, '2019-09-30 00:00:00', '2019-09-30 00:00:00', 0),
(317, 4, 10, 7, 76, '2019-09-30 00:00:00', '2019-09-30 00:00:00', 0),
(318, 14, 4, 9, 77, '2019-09-30 00:00:00', '2019-09-30 00:00:00', 0),
(319, 16, 9, 6, 77, '2019-09-30 00:00:00', '2019-09-30 00:00:00', 0),
(320, 14, 2, 7, 77, '2019-09-30 00:00:00', '2019-09-30 00:00:00', 0),
(321, 10, 4, 9, 78, '2019-09-30 00:00:00', '2019-09-30 00:00:00', 0),
(322, 21, 4, 10, 78, '2019-09-30 00:00:00', '2019-09-30 00:00:00', 0),
(323, 33, 9, 8, 78, '2019-09-30 00:00:00', '2019-09-30 00:00:00', 0),
(324, 12, 6, 10, 78, '2019-09-30 00:00:00', '2019-09-30 00:00:00', 0),
(325, 40, 10, 5, 78, '2019-09-30 00:00:00', '2019-09-30 00:00:00', 0),
(326, 40, 10, 6, 78, '2019-09-30 00:00:00', '2019-09-30 00:00:00', 0),
(327, 26, 2, 5, 79, '2019-09-30 00:00:00', '2019-09-30 00:00:00', 0),
(328, 43, 4, 6, 79, '2019-09-30 00:00:00', '2019-09-30 00:00:00', 0),
(329, 8, 7, 9, 79, '2019-09-30 00:00:00', '2019-09-30 00:00:00', 0),
(330, 27, 2, 6, 79, '2019-09-30 00:00:00', '2019-09-30 00:00:00', 0),
(331, 5, 5, 10, 80, '2019-09-30 00:00:00', '2019-09-30 00:00:00', 0),
(332, 15, 1, 10, 80, '2019-09-30 00:00:00', '2019-09-30 00:00:00', 0),
(333, 23, 3, 5, 81, '2019-09-30 00:00:00', '2019-09-30 00:00:00', 0),
(334, 39, 10, 6, 81, '2019-09-30 00:00:00', '2019-09-30 00:00:00', 0),
(335, 22, 8, 7, 81, '2019-09-30 00:00:00', '2019-09-30 00:00:00', 0),
(336, 4, 4, 6, 81, '2019-09-30 00:00:00', '2019-09-30 00:00:00', 0),
(337, 16, 7, 7, 81, '2019-09-30 00:00:00', '2019-09-30 00:00:00', 0),
(338, 25, 6, 7, 81, '2019-09-30 00:00:00', '2019-09-30 00:00:00', 0),
(339, 37, 4, 6, 82, '2019-09-30 00:00:00', '2019-09-30 00:00:00', 0),
(340, 40, 5, 10, 82, '2019-09-30 00:00:00', '2019-09-30 00:00:00', 0),
(341, 34, 5, 10, 82, '2019-09-30 00:00:00', '2019-09-30 00:00:00', 0),
(342, 26, 4, 9, 82, '2019-09-30 00:00:00', '2019-09-30 00:00:00', 0),
(343, 1, 10, 9, 82, '2019-09-30 00:00:00', '2019-09-30 00:00:00', 0),
(344, 43, 3, 9, 82, '2019-09-30 00:00:00', '2019-09-30 00:00:00', 0),
(345, 2, 10, 6, 83, '2019-09-30 00:00:00', '2019-09-30 00:00:00', 0),
(346, 30, 1, 7, 83, '2019-09-30 00:00:00', '2019-09-30 00:00:00', 0),
(347, 14, 2, 7, 83, '2019-09-30 00:00:00', '2019-09-30 00:00:00', 0),
(348, 35, 2, 6, 83, '2019-09-30 00:00:00', '2019-09-30 00:00:00', 0),
(349, 41, 8, 6, 83, '2019-09-30 00:00:00', '2019-09-30 00:00:00', 0),
(350, 16, 6, 9, 83, '2019-09-30 00:00:00', '2019-09-30 00:00:00', 0),
(351, 26, 10, 8, 84, '2019-09-30 00:00:00', '2019-09-30 00:00:00', 0),
(352, 13, 6, 8, 84, '2019-09-30 00:00:00', '2019-09-30 00:00:00', 0),
(353, 30, 9, 6, 84, '2019-09-30 00:00:00', '2019-09-30 00:00:00', 0),
(354, 50, 10, 8, 85, '2019-09-30 00:00:00', '2019-09-30 00:00:00', 0),
(355, 39, 7, 6, 85, '2019-09-30 00:00:00', '2019-09-30 00:00:00', 0),
(356, 24, 9, 10, 85, '2019-09-30 00:00:00', '2019-09-30 00:00:00', 0),
(357, 35, 2, 9, 85, '2019-09-30 00:00:00', '2019-09-30 00:00:00', 0),
(358, 47, 3, 9, 86, '2019-09-30 00:00:00', '2019-09-30 00:00:00', 0),
(359, 15, 9, 8, 86, '2019-09-30 00:00:00', '2019-09-30 00:00:00', 0),
(360, 46, 6, 7, 86, '2019-09-30 00:00:00', '2019-09-30 00:00:00', 0),
(361, 43, 10, 10, 86, '2019-09-30 00:00:00', '2019-09-30 00:00:00', 0),
(362, 5, 1, 6, 86, '2019-09-30 00:00:00', '2019-09-30 00:00:00', 0),
(363, 32, 3, 5, 86, '2019-09-30 00:00:00', '2019-09-30 00:00:00', 0),
(364, 21, 3, 9, 87, '2019-09-30 00:00:00', '2019-09-30 00:00:00', 0),
(365, 8, 5, 9, 87, '2019-09-30 00:00:00', '2019-09-30 00:00:00', 0),
(366, 49, 4, 10, 87, '2019-09-30 00:00:00', '2019-09-30 00:00:00', 0),
(367, 35, 5, 6, 87, '2019-09-30 00:00:00', '2019-09-30 00:00:00', 0),
(368, 22, 3, 8, 87, '2019-09-30 00:00:00', '2019-09-30 00:00:00', 0),
(369, 1, 6, 10, 88, '2019-09-30 00:00:00', '2019-09-30 00:00:00', 0),
(370, 10, 3, 9, 88, '2019-09-30 00:00:00', '2019-09-30 00:00:00', 0),
(371, 21, 9, 8, 88, '2019-09-30 00:00:00', '2019-09-30 00:00:00', 0),
(372, 29, 5, 9, 88, '2019-09-30 00:00:00', '2019-09-30 00:00:00', 0),
(373, 32, 7, 8, 89, '2019-09-30 00:00:00', '2019-09-30 00:00:00', 0),
(374, 41, 2, 6, 89, '2019-09-30 00:00:00', '2019-09-30 00:00:00', 0),
(375, 45, 10, 6, 89, '2019-09-30 00:00:00', '2019-09-30 00:00:00', 0),
(376, 50, 5, 9, 89, '2019-09-30 00:00:00', '2019-09-30 00:00:00', 0),
(377, 19, 2, 8, 89, '2019-09-30 00:00:00', '2019-09-30 00:00:00', 0),
(378, 46, 5, 6, 89, '2019-09-30 00:00:00', '2019-09-30 00:00:00', 0),
(379, 32, 3, 8, 90, '2019-09-30 00:00:00', '2019-09-30 00:00:00', 0),
(380, 26, 7, 9, 90, '2019-09-30 00:00:00', '2019-09-30 00:00:00', 0),
(381, 10, 3, 7, 90, '2019-09-30 00:00:00', '2019-09-30 00:00:00', 0),
(382, 3, 6, 6, 90, '2019-09-30 00:00:00', '2019-09-30 00:00:00', 0),
(383, 41, 5, 6, 90, '2019-09-30 00:00:00', '2019-09-30 00:00:00', 0),
(384, 2, 5, 7, 91, '2019-09-30 00:00:00', '2019-09-30 00:00:00', 0),
(385, 8, 1, 10, 91, '2019-09-30 00:00:00', '2019-09-30 00:00:00', 0),
(386, 16, 5, 7, 92, '2019-09-30 00:00:00', '2019-09-30 00:00:00', 0),
(387, 6, 10, 9, 92, '2019-09-30 00:00:00', '2019-09-30 00:00:00', 0),
(388, 28, 8, 10, 92, '2019-09-30 00:00:00', '2019-09-30 00:00:00', 0),
(389, 46, 7, 10, 92, '2019-09-30 00:00:00', '2019-09-30 00:00:00', 0),
(390, 34, 3, 8, 92, '2019-09-30 00:00:00', '2019-09-30 00:00:00', 0),
(391, 7, 9, 5, 93, '2019-09-30 00:00:00', '2019-09-30 00:00:00', 0),
(392, 23, 5, 7, 93, '2019-09-30 00:00:00', '2019-09-30 00:00:00', 0),
(393, 26, 2, 8, 93, '2019-09-30 00:00:00', '2019-09-30 00:00:00', 0),
(394, 30, 8, 9, 94, '2019-09-30 00:00:00', '2019-09-30 00:00:00', 0),
(395, 48, 10, 7, 94, '2019-09-30 00:00:00', '2019-09-30 00:00:00', 0),
(396, 42, 2, 10, 94, '2019-09-30 00:00:00', '2019-09-30 00:00:00', 0),
(397, 10, 1, 9, 94, '2019-09-30 00:00:00', '2019-09-30 00:00:00', 0),
(398, 22, 7, 5, 94, '2019-09-30 00:00:00', '2019-09-30 00:00:00', 0),
(399, 26, 3, 8, 95, '2019-09-30 00:00:00', '2019-09-30 00:00:00', 0),
(400, 22, 9, 5, 95, '2019-09-30 00:00:00', '2019-09-30 00:00:00', 0),
(401, 14, 9, 5, 95, '2019-09-30 00:00:00', '2019-09-30 00:00:00', 0),
(402, 13, 8, 5, 95, '2019-09-30 00:00:00', '2019-09-30 00:00:00', 0),
(403, 30, 10, 7, 95, '2019-09-30 00:00:00', '2019-09-30 00:00:00', 0),
(404, 30, 6, 10, 96, '2019-09-30 00:00:00', '2019-09-30 00:00:00', 0),
(405, 37, 7, 8, 96, '2019-09-30 00:00:00', '2019-09-30 00:00:00', 0),
(406, 20, 8, 6, 97, '2019-09-30 00:00:00', '2019-09-30 00:00:00', 0),
(407, 32, 4, 10, 97, '2019-09-30 00:00:00', '2019-09-30 00:00:00', 0),
(408, 7, 5, 5, 97, '2019-09-30 00:00:00', '2019-09-30 00:00:00', 0),
(409, 6, 10, 6, 97, '2019-09-30 00:00:00', '2019-09-30 00:00:00', 0),
(410, 43, 7, 9, 98, '2019-10-31 00:00:00', '2019-10-31 00:00:00', 0),
(411, 4, 8, 6, 98, '2019-10-31 00:00:00', '2019-10-31 00:00:00', 0),
(412, 9, 8, 7, 98, '2019-10-31 00:00:00', '2019-10-31 00:00:00', 0),
(413, 18, 1, 7, 99, '2019-10-31 00:00:00', '2019-10-31 00:00:00', 0),
(414, 32, 10, 10, 99, '2019-10-31 00:00:00', '2019-10-31 00:00:00', 0),
(415, 25, 1, 9, 100, '2019-10-31 00:00:00', '2019-10-31 00:00:00', 0),
(416, 32, 5, 10, 100, '2019-10-31 00:00:00', '2019-10-31 00:00:00', 0),
(417, 23, 2, 8, 100, '2019-10-31 00:00:00', '2019-10-31 00:00:00', 0),
(418, 38, 1, 6, 101, '2019-10-31 00:00:00', '2019-10-31 00:00:00', 0),
(419, 32, 6, 7, 101, '2019-10-31 00:00:00', '2019-10-31 00:00:00', 0),
(420, 13, 8, 7, 101, '2019-10-31 00:00:00', '2019-10-31 00:00:00', 0),
(421, 6, 9, 9, 101, '2019-10-31 00:00:00', '2019-10-31 00:00:00', 0),
(422, 19, 8, 10, 102, '2019-10-31 00:00:00', '2019-10-31 00:00:00', 0),
(423, 29, 7, 6, 102, '2019-10-31 00:00:00', '2019-10-31 00:00:00', 0),
(424, 40, 8, 9, 102, '2019-10-31 00:00:00', '2019-10-31 00:00:00', 0),
(425, 50, 5, 8, 102, '2019-10-31 00:00:00', '2019-10-31 00:00:00', 0),
(426, 27, 4, 6, 102, '2019-10-31 00:00:00', '2019-10-31 00:00:00', 0),
(427, 45, 9, 7, 102, '2019-10-31 00:00:00', '2019-10-31 00:00:00', 0),
(428, 34, 7, 10, 103, '2019-10-31 00:00:00', '2019-10-31 00:00:00', 0),
(429, 38, 2, 6, 103, '2019-10-31 00:00:00', '2019-10-31 00:00:00', 0),
(430, 23, 2, 8, 103, '2019-10-31 00:00:00', '2019-10-31 00:00:00', 0),
(431, 29, 10, 6, 103, '2019-10-31 00:00:00', '2019-10-31 00:00:00', 0),
(432, 33, 2, 6, 103, '2019-10-31 00:00:00', '2019-10-31 00:00:00', 0),
(433, 45, 2, 7, 104, '2019-10-31 00:00:00', '2019-10-31 00:00:00', 0),
(434, 45, 7, 6, 104, '2019-10-31 00:00:00', '2019-10-31 00:00:00', 0),
(435, 36, 6, 7, 104, '2019-10-31 00:00:00', '2019-10-31 00:00:00', 0),
(436, 8, 2, 9, 105, '2019-10-31 00:00:00', '2019-10-31 00:00:00', 0),
(437, 42, 9, 8, 105, '2019-10-31 00:00:00', '2019-10-31 00:00:00', 0),
(438, 19, 6, 5, 105, '2019-10-31 00:00:00', '2019-10-31 00:00:00', 0),
(439, 28, 10, 5, 105, '2019-10-31 00:00:00', '2019-10-31 00:00:00', 0),
(440, 25, 6, 7, 105, '2019-10-31 00:00:00', '2019-10-31 00:00:00', 0),
(441, 26, 4, 9, 106, '2019-10-31 00:00:00', '2019-10-31 00:00:00', 0),
(442, 43, 10, 5, 106, '2019-10-31 00:00:00', '2019-10-31 00:00:00', 0),
(443, 14, 10, 7, 106, '2019-10-31 00:00:00', '2019-10-31 00:00:00', 0),
(444, 35, 7, 9, 106, '2019-10-31 00:00:00', '2019-10-31 00:00:00', 0),
(445, 48, 6, 7, 106, '2019-10-31 00:00:00', '2019-10-31 00:00:00', 0),
(446, 25, 4, 8, 106, '2019-10-31 00:00:00', '2019-10-31 00:00:00', 0),
(447, 18, 7, 7, 107, '2019-10-31 00:00:00', '2019-10-31 00:00:00', 0),
(448, 18, 3, 5, 107, '2019-10-31 00:00:00', '2019-10-31 00:00:00', 0),
(449, 19, 9, 8, 107, '2019-10-31 00:00:00', '2019-10-31 00:00:00', 0),
(450, 7, 8, 9, 107, '2019-10-31 00:00:00', '2019-10-31 00:00:00', 0),
(451, 35, 4, 9, 107, '2019-10-31 00:00:00', '2019-10-31 00:00:00', 0),
(452, 35, 8, 6, 107, '2019-10-31 00:00:00', '2019-10-31 00:00:00', 0),
(453, 29, 8, 8, 108, '2019-10-31 00:00:00', '2019-10-31 00:00:00', 0),
(454, 14, 8, 7, 108, '2019-10-31 00:00:00', '2019-10-31 00:00:00', 0),
(455, 8, 8, 6, 109, '2019-10-31 00:00:00', '2019-10-31 00:00:00', 0),
(456, 48, 7, 5, 109, '2019-10-31 00:00:00', '2019-10-31 00:00:00', 0),
(457, 49, 3, 10, 110, '2019-10-31 00:00:00', '2019-10-31 00:00:00', 0),
(458, 11, 10, 8, 110, '2019-10-31 00:00:00', '2019-10-31 00:00:00', 0),
(459, 19, 3, 9, 111, '2019-10-31 00:00:00', '2019-10-31 00:00:00', 0),
(460, 49, 2, 7, 111, '2019-10-31 00:00:00', '2019-10-31 00:00:00', 0),
(461, 48, 3, 6, 111, '2019-10-31 00:00:00', '2019-10-31 00:00:00', 0),
(462, 16, 1, 8, 111, '2019-10-31 00:00:00', '2019-10-31 00:00:00', 0),
(463, 23, 3, 10, 111, '2019-10-31 00:00:00', '2019-10-31 00:00:00', 0),
(464, 25, 8, 5, 112, '2019-10-31 00:00:00', '2019-10-31 00:00:00', 0),
(465, 49, 3, 10, 112, '2019-10-31 00:00:00', '2019-10-31 00:00:00', 0),
(466, 33, 4, 8, 112, '2019-10-31 00:00:00', '2019-10-31 00:00:00', 0),
(467, 48, 4, 5, 112, '2019-10-31 00:00:00', '2019-10-31 00:00:00', 0),
(468, 18, 5, 8, 113, '2019-10-31 00:00:00', '2019-10-31 00:00:00', 0),
(469, 26, 6, 6, 113, '2019-10-31 00:00:00', '2019-10-31 00:00:00', 0),
(470, 2, 9, 6, 114, '2019-10-31 00:00:00', '2019-10-31 00:00:00', 0),
(471, 43, 2, 5, 114, '2019-10-31 00:00:00', '2019-10-31 00:00:00', 0),
(472, 21, 5, 6, 114, '2019-10-31 00:00:00', '2019-10-31 00:00:00', 0),
(473, 25, 7, 8, 114, '2019-10-31 00:00:00', '2019-10-31 00:00:00', 0),
(474, 33, 6, 8, 114, '2019-10-31 00:00:00', '2019-10-31 00:00:00', 0),
(475, 32, 4, 10, 114, '2019-10-31 00:00:00', '2019-10-31 00:00:00', 0),
(476, 24, 7, 9, 115, '2019-10-31 00:00:00', '2019-10-31 00:00:00', 0),
(477, 42, 9, 10, 115, '2019-10-31 00:00:00', '2019-10-31 00:00:00', 0),
(478, 39, 6, 7, 115, '2019-10-31 00:00:00', '2019-10-31 00:00:00', 0),
(479, 44, 8, 10, 115, '2019-10-31 00:00:00', '2019-10-31 00:00:00', 0),
(480, 46, 4, 8, 116, '2019-10-31 00:00:00', '2019-10-31 00:00:00', 0),
(481, 5, 5, 9, 116, '2019-10-31 00:00:00', '2019-10-31 00:00:00', 0),
(482, 22, 4, 6, 116, '2019-10-31 00:00:00', '2019-10-31 00:00:00', 0),
(483, 22, 10, 5, 116, '2019-10-31 00:00:00', '2019-10-31 00:00:00', 0),
(484, 30, 2, 7, 116, '2019-10-31 00:00:00', '2019-10-31 00:00:00', 0),
(485, 45, 4, 8, 117, '2019-10-31 00:00:00', '2019-10-31 00:00:00', 0),
(486, 46, 4, 10, 117, '2019-10-31 00:00:00', '2019-10-31 00:00:00', 0),
(487, 34, 1, 8, 117, '2019-10-31 00:00:00', '2019-10-31 00:00:00', 0),
(488, 39, 10, 10, 117, '2019-10-31 00:00:00', '2019-10-31 00:00:00', 0),
(489, 32, 8, 6, 118, '2019-10-31 00:00:00', '2019-10-31 00:00:00', 0),
(490, 38, 8, 6, 118, '2019-10-31 00:00:00', '2019-10-31 00:00:00', 0),
(491, 48, 2, 5, 118, '2019-10-31 00:00:00', '2019-10-31 00:00:00', 0),
(492, 11, 9, 8, 118, '2019-10-31 00:00:00', '2019-10-31 00:00:00', 0),
(493, 50, 6, 7, 119, '2019-10-31 00:00:00', '2019-10-31 00:00:00', 0),
(494, 16, 9, 10, 119, '2019-10-31 00:00:00', '2019-10-31 00:00:00', 0),
(495, 16, 7, 8, 120, '2019-10-31 00:00:00', '2019-10-31 00:00:00', 0),
(496, 5, 4, 9, 120, '2019-10-31 00:00:00', '2019-10-31 00:00:00', 0),
(497, 12, 9, 5, 121, '2019-10-31 00:00:00', '2019-10-31 00:00:00', 0),
(498, 48, 10, 10, 121, '2019-10-31 00:00:00', '2019-10-31 00:00:00', 0),
(499, 8, 5, 7, 121, '2019-10-31 00:00:00', '2019-10-31 00:00:00', 0),
(500, 29, 1, 9, 121, '2019-10-31 00:00:00', '2019-10-31 00:00:00', 0),
(501, 29, 10, 8, 121, '2019-10-31 00:00:00', '2019-10-31 00:00:00', 0),
(502, 47, 5, 8, 121, '2019-10-31 00:00:00', '2019-10-31 00:00:00', 0),
(503, 39, 6, 6, 122, '2019-10-31 00:00:00', '2019-10-31 00:00:00', 0),
(504, 42, 4, 7, 122, '2019-10-31 00:00:00', '2019-10-31 00:00:00', 0),
(505, 9, 7, 9, 122, '2019-10-31 00:00:00', '2019-10-31 00:00:00', 0),
(506, 34, 7, 10, 122, '2019-10-31 00:00:00', '2019-10-31 00:00:00', 0),
(507, 44, 3, 8, 122, '2019-10-31 00:00:00', '2019-10-31 00:00:00', 0),
(508, 29, 9, 10, 122, '2019-10-31 00:00:00', '2019-10-31 00:00:00', 0),
(509, 7, 3, 5, 123, '2019-10-31 00:00:00', '2019-10-31 00:00:00', 0),
(510, 2, 4, 7, 123, '2019-10-31 00:00:00', '2019-10-31 00:00:00', 0),
(511, 17, 5, 7, 124, '2019-10-31 00:00:00', '2019-10-31 00:00:00', 0),
(512, 43, 2, 5, 124, '2019-10-31 00:00:00', '2019-10-31 00:00:00', 0),
(513, 47, 7, 5, 124, '2019-10-31 00:00:00', '2019-10-31 00:00:00', 0),
(514, 7, 1, 7, 125, '2019-10-31 00:00:00', '2019-10-31 00:00:00', 0),
(515, 8, 3, 5, 125, '2019-10-31 00:00:00', '2019-10-31 00:00:00', 0),
(516, 17, 6, 10, 125, '2019-10-31 00:00:00', '2019-10-31 00:00:00', 0),
(517, 13, 4, 5, 125, '2019-10-31 00:00:00', '2019-10-31 00:00:00', 0),
(518, 3, 1, 5, 125, '2019-10-31 00:00:00', '2019-10-31 00:00:00', 0),
(519, 10, 9, 8, 126, '2019-10-31 00:00:00', '2019-10-31 00:00:00', 0),
(520, 4, 10, 8, 126, '2019-10-31 00:00:00', '2019-10-31 00:00:00', 0),
(521, 34, 8, 9, 126, '2019-10-31 00:00:00', '2019-10-31 00:00:00', 0),
(522, 18, 2, 9, 126, '2019-10-31 00:00:00', '2019-10-31 00:00:00', 0),
(523, 48, 4, 6, 126, '2019-10-31 00:00:00', '2019-10-31 00:00:00', 0),
(524, 32, 8, 6, 126, '2019-10-31 00:00:00', '2019-10-31 00:00:00', 0),
(525, 49, 3, 9, 127, '2019-10-31 00:00:00', '2019-10-31 00:00:00', 0),
(526, 48, 9, 9, 127, '2019-10-31 00:00:00', '2019-10-31 00:00:00', 0),
(527, 2, 9, 9, 127, '2019-10-31 00:00:00', '2019-10-31 00:00:00', 0),
(528, 37, 8, 8, 127, '2019-10-31 00:00:00', '2019-10-31 00:00:00', 0),
(529, 18, 5, 8, 127, '2019-10-31 00:00:00', '2019-10-31 00:00:00', 0),
(530, 40, 4, 8, 128, '2019-10-31 00:00:00', '2019-10-31 00:00:00', 0),
(531, 32, 2, 8, 128, '2019-10-31 00:00:00', '2019-10-31 00:00:00', 0),
(532, 1, 8, 10, 128, '2019-10-31 00:00:00', '2019-10-31 00:00:00', 0),
(533, 23, 10, 9, 128, '2019-10-31 00:00:00', '2019-10-31 00:00:00', 0),
(534, 32, 2, 6, 129, '2019-10-31 00:00:00', '2019-10-31 00:00:00', 0),
(535, 31, 6, 8, 129, '2019-10-31 00:00:00', '2019-10-31 00:00:00', 0),
(536, 38, 8, 5, 129, '2019-10-31 00:00:00', '2019-10-31 00:00:00', 0),
(537, 5, 5, 5, 130, '2019-10-31 00:00:00', '2019-10-31 00:00:00', 0),
(538, 45, 9, 9, 130, '2019-10-31 00:00:00', '2019-10-31 00:00:00', 0),
(539, 7, 6, 5, 130, '2019-10-31 00:00:00', '2019-10-31 00:00:00', 0),
(540, 42, 3, 7, 130, '2019-10-31 00:00:00', '2019-10-31 00:00:00', 0),
(541, 5, 8, 5, 130, '2019-10-31 00:00:00', '2019-10-31 00:00:00', 0),
(542, 26, 4, 5, 130, '2019-10-31 00:00:00', '2019-10-31 00:00:00', 0),
(543, 3, 3, 10, 131, '2019-10-31 00:00:00', '2019-10-31 00:00:00', 0),
(544, 37, 4, 8, 131, '2019-10-31 00:00:00', '2019-10-31 00:00:00', 0),
(545, 2, 6, 5, 132, '2019-10-31 00:00:00', '2019-10-31 00:00:00', 0),
(546, 13, 2, 9, 132, '2019-10-31 00:00:00', '2019-10-31 00:00:00', 0),
(547, 25, 1, 10, 132, '2019-10-31 00:00:00', '2019-10-31 00:00:00', 0),
(548, 33, 5, 10, 132, '2019-10-31 00:00:00', '2019-10-31 00:00:00', 0),
(549, 31, 10, 7, 133, '2019-10-31 00:00:00', '2019-10-31 00:00:00', 0),
(550, 42, 10, 10, 133, '2019-10-31 00:00:00', '2019-10-31 00:00:00', 0),
(551, 1, 8, 10, 133, '2019-10-31 00:00:00', '2019-10-31 00:00:00', 0),
(552, 8, 1, 10, 133, '2019-10-31 00:00:00', '2019-10-31 00:00:00', 0),
(553, 7, 5, 9, 134, '2019-10-31 00:00:00', '2019-10-31 00:00:00', 0),
(554, 8, 10, 8, 134, '2019-10-31 00:00:00', '2019-10-31 00:00:00', 0),
(555, 50, 2, 6, 134, '2019-10-31 00:00:00', '2019-10-31 00:00:00', 0),
(556, 49, 10, 10, 134, '2019-10-31 00:00:00', '2019-10-31 00:00:00', 0),
(557, 17, 9, 9, 134, '2019-10-31 00:00:00', '2019-10-31 00:00:00', 0),
(558, 12, 6, 9, 134, '2019-10-31 00:00:00', '2019-10-31 00:00:00', 0),
(559, 26, 2, 7, 135, '2019-10-31 00:00:00', '2019-10-31 00:00:00', 0),
(560, 33, 2, 8, 135, '2019-10-31 00:00:00', '2019-10-31 00:00:00', 0),
(561, 29, 5, 5, 135, '2019-10-31 00:00:00', '2019-10-31 00:00:00', 0),
(562, 8, 8, 5, 136, '2019-10-31 00:00:00', '2019-10-31 00:00:00', 0),
(563, 8, 1, 9, 136, '2019-10-31 00:00:00', '2019-10-31 00:00:00', 0),
(564, 34, 8, 6, 136, '2019-10-31 00:00:00', '2019-10-31 00:00:00', 0),
(565, 32, 4, 7, 136, '2019-10-31 00:00:00', '2019-10-31 00:00:00', 0),
(566, 37, 9, 8, 136, '2019-10-31 00:00:00', '2019-10-31 00:00:00', 0),
(567, 24, 2, 6, 136, '2019-10-31 00:00:00', '2019-10-31 00:00:00', 0),
(568, 33, 7, 6, 137, '2019-10-31 00:00:00', '2019-10-31 00:00:00', 0),
(569, 14, 4, 9, 137, '2019-10-31 00:00:00', '2019-10-31 00:00:00', 0),
(570, 36, 10, 9, 138, '2019-10-31 00:00:00', '2019-10-31 00:00:00', 0),
(571, 7, 4, 8, 138, '2019-10-31 00:00:00', '2019-10-31 00:00:00', 0),
(572, 42, 3, 6, 138, '2019-10-31 00:00:00', '2019-10-31 00:00:00', 0),
(573, 19, 1, 10, 138, '2019-10-31 00:00:00', '2019-10-31 00:00:00', 0),
(574, 28, 4, 10, 138, '2019-10-31 00:00:00', '2019-10-31 00:00:00', 0),
(575, 40, 3, 6, 139, '2019-10-31 00:00:00', '2019-10-31 00:00:00', 0),
(576, 45, 3, 5, 139, '2019-10-31 00:00:00', '2019-10-31 00:00:00', 0),
(577, 30, 2, 8, 140, '2019-10-31 00:00:00', '2019-10-31 00:00:00', 0),
(578, 40, 9, 7, 140, '2019-10-31 00:00:00', '2019-10-31 00:00:00', 0),
(579, 35, 2, 5, 140, '2019-10-31 00:00:00', '2019-10-31 00:00:00', 0),
(580, 5, 9, 8, 141, '2019-10-31 00:00:00', '2019-10-31 00:00:00', 0),
(581, 49, 2, 5, 141, '2019-10-31 00:00:00', '2019-10-31 00:00:00', 0),
(582, 34, 7, 8, 142, '2019-10-31 00:00:00', '2019-10-31 00:00:00', 0),
(583, 38, 10, 7, 142, '2019-10-31 00:00:00', '2019-10-31 00:00:00', 0),
(584, 36, 4, 8, 142, '2019-10-31 00:00:00', '2019-10-31 00:00:00', 0),
(585, 2, 3, 5, 142, '2019-10-31 00:00:00', '2019-10-31 00:00:00', 0),
(586, 19, 2, 7, 143, '2019-10-31 00:00:00', '2019-10-31 00:00:00', 0),
(587, 37, 6, 7, 143, '2019-10-31 00:00:00', '2019-10-31 00:00:00', 0),
(588, 3, 1, 7, 143, '2019-10-31 00:00:00', '2019-10-31 00:00:00', 0),
(589, 5, 3, 10, 143, '2019-10-31 00:00:00', '2019-10-31 00:00:00', 0),
(590, 47, 7, 7, 143, '2019-10-31 00:00:00', '2019-10-31 00:00:00', 0),
(591, 42, 3, 6, 143, '2019-10-31 00:00:00', '2019-10-31 00:00:00', 0),
(592, 45, 8, 9, 144, '2019-10-31 00:00:00', '2019-10-31 00:00:00', 0),
(593, 41, 10, 5, 144, '2019-10-31 00:00:00', '2019-10-31 00:00:00', 0),
(594, 2, 2, 8, 144, '2019-10-31 00:00:00', '2019-10-31 00:00:00', 0),
(595, 36, 7, 10, 144, '2019-10-31 00:00:00', '2019-10-31 00:00:00', 0),
(596, 39, 7, 9, 144, '2019-10-31 00:00:00', '2019-10-31 00:00:00', 0),
(597, 30, 7, 7, 144, '2019-10-31 00:00:00', '2019-10-31 00:00:00', 0),
(598, 35, 7, 5, 145, '2019-10-31 00:00:00', '2019-10-31 00:00:00', 0),
(599, 45, 3, 6, 145, '2019-10-31 00:00:00', '2019-10-31 00:00:00', 0),
(600, 50, 9, 7, 146, '2019-11-30 00:00:00', '2019-11-30 00:00:00', 0),
(601, 15, 1, 10, 146, '2019-11-30 00:00:00', '2019-11-30 00:00:00', 0),
(602, 25, 4, 6, 146, '2019-11-30 00:00:00', '2019-11-30 00:00:00', 0),
(603, 19, 7, 5, 146, '2019-11-30 00:00:00', '2019-11-30 00:00:00', 0),
(604, 34, 10, 9, 146, '2019-11-30 00:00:00', '2019-11-30 00:00:00', 0),
(605, 48, 3, 5, 147, '2019-11-30 00:00:00', '2019-11-30 00:00:00', 0),
(606, 49, 5, 8, 147, '2019-11-30 00:00:00', '2019-11-30 00:00:00', 0),
(607, 4, 2, 6, 147, '2019-11-30 00:00:00', '2019-11-30 00:00:00', 0),
(608, 29, 10, 8, 147, '2019-11-30 00:00:00', '2019-11-30 00:00:00', 0),
(609, 13, 6, 6, 147, '2019-11-30 00:00:00', '2019-11-30 00:00:00', 0),
(610, 47, 7, 7, 148, '2019-11-30 00:00:00', '2019-11-30 00:00:00', 0),
(611, 12, 9, 9, 148, '2019-11-30 00:00:00', '2019-11-30 00:00:00', 0),
(612, 4, 4, 5, 148, '2019-11-30 00:00:00', '2019-11-30 00:00:00', 0),
(613, 15, 7, 5, 148, '2019-11-30 00:00:00', '2019-11-30 00:00:00', 0),
(614, 38, 1, 10, 148, '2019-11-30 00:00:00', '2019-11-30 00:00:00', 0),
(615, 21, 1, 6, 149, '2019-11-30 00:00:00', '2019-11-30 00:00:00', 0),
(616, 20, 2, 6, 149, '2019-11-30 00:00:00', '2019-11-30 00:00:00', 0),
(617, 9, 3, 8, 150, '2019-11-30 00:00:00', '2019-11-30 00:00:00', 0),
(618, 34, 2, 10, 150, '2019-11-30 00:00:00', '2019-11-30 00:00:00', 0),
(619, 50, 2, 10, 150, '2019-11-30 00:00:00', '2019-11-30 00:00:00', 0),
(620, 14, 3, 5, 150, '2019-11-30 00:00:00', '2019-11-30 00:00:00', 0),
(621, 5, 5, 6, 151, '2019-11-30 00:00:00', '2019-11-30 00:00:00', 0),
(622, 29, 6, 5, 151, '2019-11-30 00:00:00', '2019-11-30 00:00:00', 0),
(623, 15, 5, 10, 151, '2019-11-30 00:00:00', '2019-11-30 00:00:00', 0),
(624, 31, 2, 5, 151, '2019-11-30 00:00:00', '2019-11-30 00:00:00', 0),
(625, 15, 7, 6, 152, '2019-11-30 00:00:00', '2019-11-30 00:00:00', 0),
(626, 13, 10, 6, 152, '2019-11-30 00:00:00', '2019-11-30 00:00:00', 0),
(627, 27, 10, 8, 153, '2019-11-30 00:00:00', '2019-11-30 00:00:00', 0),
(628, 32, 9, 7, 153, '2019-11-30 00:00:00', '2019-11-30 00:00:00', 0),
(629, 46, 1, 9, 153, '2019-11-30 00:00:00', '2019-11-30 00:00:00', 0),
(630, 44, 3, 7, 153, '2019-11-30 00:00:00', '2019-11-30 00:00:00', 0),
(631, 45, 7, 8, 154, '2019-11-30 00:00:00', '2019-11-30 00:00:00', 0),
(632, 13, 9, 5, 154, '2019-11-30 00:00:00', '2019-11-30 00:00:00', 0),
(633, 25, 8, 6, 154, '2019-11-30 00:00:00', '2019-11-30 00:00:00', 0),
(634, 17, 8, 7, 155, '2019-11-30 00:00:00', '2019-11-30 00:00:00', 0),
(635, 48, 8, 9, 155, '2019-11-30 00:00:00', '2019-11-30 00:00:00', 0),
(636, 38, 5, 9, 156, '2019-11-30 00:00:00', '2019-11-30 00:00:00', 0),
(637, 25, 8, 5, 156, '2019-11-30 00:00:00', '2019-11-30 00:00:00', 0),
(638, 3, 2, 5, 156, '2019-11-30 00:00:00', '2019-11-30 00:00:00', 0),
(639, 17, 5, 7, 156, '2019-11-30 00:00:00', '2019-11-30 00:00:00', 0),
(640, 25, 5, 8, 156, '2019-11-30 00:00:00', '2019-11-30 00:00:00', 0),
(641, 32, 10, 6, 157, '2019-11-30 00:00:00', '2019-11-30 00:00:00', 0),
(642, 23, 10, 6, 157, '2019-11-30 00:00:00', '2019-11-30 00:00:00', 0),
(643, 1, 2, 5, 157, '2019-11-30 00:00:00', '2019-11-30 00:00:00', 0),
(644, 8, 1, 7, 157, '2019-11-30 00:00:00', '2019-11-30 00:00:00', 0),
(645, 24, 8, 6, 157, '2019-11-30 00:00:00', '2019-11-30 00:00:00', 0),
(646, 49, 10, 6, 158, '2019-11-30 00:00:00', '2019-11-30 00:00:00', 0),
(647, 36, 5, 9, 158, '2019-11-30 00:00:00', '2019-11-30 00:00:00', 0),
(648, 3, 4, 7, 158, '2019-11-30 00:00:00', '2019-11-30 00:00:00', 0),
(649, 10, 6, 7, 159, '2019-11-30 00:00:00', '2019-11-30 00:00:00', 0),
(650, 29, 6, 7, 159, '2019-11-30 00:00:00', '2019-11-30 00:00:00', 0),
(651, 46, 10, 5, 159, '2019-11-30 00:00:00', '2019-11-30 00:00:00', 0),
(652, 41, 1, 7, 159, '2019-11-30 00:00:00', '2019-11-30 00:00:00', 0),
(653, 35, 8, 5, 159, '2019-11-30 00:00:00', '2019-11-30 00:00:00', 0),
(654, 37, 5, 6, 159, '2019-11-30 00:00:00', '2019-11-30 00:00:00', 0),
(655, 19, 7, 8, 160, '2019-11-30 00:00:00', '2019-11-30 00:00:00', 0),
(656, 45, 8, 9, 160, '2019-11-30 00:00:00', '2019-11-30 00:00:00', 0),
(657, 48, 8, 7, 160, '2019-11-30 00:00:00', '2019-11-30 00:00:00', 0),
(658, 38, 10, 10, 160, '2019-11-30 00:00:00', '2019-11-30 00:00:00', 0),
(659, 4, 2, 6, 160, '2019-11-30 00:00:00', '2019-11-30 00:00:00', 0),
(660, 50, 1, 5, 160, '2019-11-30 00:00:00', '2019-11-30 00:00:00', 0),
(661, 47, 8, 7, 161, '2019-11-30 00:00:00', '2019-11-30 00:00:00', 0),
(662, 20, 5, 8, 161, '2019-11-30 00:00:00', '2019-11-30 00:00:00', 0),
(663, 26, 5, 8, 161, '2019-11-30 00:00:00', '2019-11-30 00:00:00', 0),
(664, 14, 8, 6, 162, '2019-11-30 00:00:00', '2019-11-30 00:00:00', 0),
(665, 25, 5, 5, 162, '2019-11-30 00:00:00', '2019-11-30 00:00:00', 0),
(666, 27, 2, 7, 162, '2019-11-30 00:00:00', '2019-11-30 00:00:00', 0),
(667, 46, 9, 6, 162, '2019-11-30 00:00:00', '2019-11-30 00:00:00', 0),
(668, 47, 3, 6, 163, '2019-11-30 00:00:00', '2019-11-30 00:00:00', 0),
(669, 48, 10, 8, 163, '2019-11-30 00:00:00', '2019-11-30 00:00:00', 0),
(670, 42, 2, 8, 164, '2019-11-30 00:00:00', '2019-11-30 00:00:00', 0),
(671, 4, 2, 5, 164, '2019-11-30 00:00:00', '2019-11-30 00:00:00', 0),
(672, 27, 10, 9, 164, '2019-11-30 00:00:00', '2019-11-30 00:00:00', 0),
(673, 41, 4, 8, 164, '2019-11-30 00:00:00', '2019-11-30 00:00:00', 0),
(674, 36, 10, 7, 165, '2019-11-30 00:00:00', '2019-11-30 00:00:00', 0),
(675, 10, 4, 7, 165, '2019-11-30 00:00:00', '2019-11-30 00:00:00', 0),
(676, 46, 9, 7, 165, '2019-11-30 00:00:00', '2019-11-30 00:00:00', 0),
(677, 31, 9, 5, 166, '2019-11-30 00:00:00', '2019-11-30 00:00:00', 0),
(678, 24, 4, 5, 166, '2019-11-30 00:00:00', '2019-11-30 00:00:00', 0),
(679, 3, 1, 5, 167, '2019-11-30 00:00:00', '2019-11-30 00:00:00', 0),
(680, 15, 6, 6, 167, '2019-11-30 00:00:00', '2019-11-30 00:00:00', 0),
(681, 45, 4, 7, 167, '2019-11-30 00:00:00', '2019-11-30 00:00:00', 0),
(682, 15, 8, 9, 168, '2019-11-30 00:00:00', '2019-11-30 00:00:00', 0),
(683, 49, 5, 6, 168, '2019-11-30 00:00:00', '2019-11-30 00:00:00', 0),
(684, 2, 2, 10, 168, '2019-11-30 00:00:00', '2019-11-30 00:00:00', 0),
(685, 29, 1, 8, 168, '2019-11-30 00:00:00', '2019-11-30 00:00:00', 0),
(686, 41, 9, 6, 168, '2019-11-30 00:00:00', '2019-11-30 00:00:00', 0),
(687, 33, 5, 9, 169, '2019-11-30 00:00:00', '2019-11-30 00:00:00', 0),
(688, 19, 4, 10, 169, '2019-11-30 00:00:00', '2019-11-30 00:00:00', 0),
(689, 27, 8, 8, 169, '2019-11-30 00:00:00', '2019-11-30 00:00:00', 0),
(690, 45, 2, 10, 170, '2019-11-30 00:00:00', '2019-11-30 00:00:00', 0),
(691, 2, 4, 10, 170, '2019-11-30 00:00:00', '2019-11-30 00:00:00', 0),
(692, 34, 4, 10, 170, '2019-11-30 00:00:00', '2019-11-30 00:00:00', 0),
(693, 22, 3, 10, 170, '2019-11-30 00:00:00', '2019-11-30 00:00:00', 0),
(694, 35, 10, 6, 170, '2019-11-30 00:00:00', '2019-11-30 00:00:00', 0),
(695, 19, 7, 5, 170, '2019-11-30 00:00:00', '2019-11-30 00:00:00', 0),
(696, 40, 10, 5, 171, '2019-11-30 00:00:00', '2019-11-30 00:00:00', 0),
(697, 7, 3, 5, 171, '2019-11-30 00:00:00', '2019-11-30 00:00:00', 0),
(698, 27, 5, 9, 172, '2019-11-30 00:00:00', '2019-11-30 00:00:00', 0),
(699, 44, 5, 5, 172, '2019-11-30 00:00:00', '2019-11-30 00:00:00', 0),
(700, 29, 4, 8, 172, '2019-11-30 00:00:00', '2019-11-30 00:00:00', 0),
(701, 37, 5, 6, 172, '2019-11-30 00:00:00', '2019-11-30 00:00:00', 0),
(702, 25, 5, 9, 172, '2019-11-30 00:00:00', '2019-11-30 00:00:00', 0),
(703, 8, 6, 7, 173, '2019-11-30 00:00:00', '2019-11-30 00:00:00', 0),
(704, 29, 7, 5, 173, '2019-11-30 00:00:00', '2019-11-30 00:00:00', 0),
(705, 9, 5, 9, 174, '2019-11-30 00:00:00', '2019-11-30 00:00:00', 0),
(706, 2, 7, 10, 174, '2019-11-30 00:00:00', '2019-11-30 00:00:00', 0),
(707, 1, 9, 7, 174, '2019-11-30 00:00:00', '2019-11-30 00:00:00', 0),
(708, 2, 5, 10, 174, '2019-11-30 00:00:00', '2019-11-30 00:00:00', 0),
(709, 45, 9, 9, 174, '2019-11-30 00:00:00', '2019-11-30 00:00:00', 0),
(710, 40, 8, 10, 175, '2019-11-30 00:00:00', '2019-11-30 00:00:00', 0),
(711, 12, 4, 10, 175, '2019-11-30 00:00:00', '2019-11-30 00:00:00', 0),
(712, 49, 8, 7, 175, '2019-11-30 00:00:00', '2019-11-30 00:00:00', 0),
(713, 1, 3, 5, 175, '2019-11-30 00:00:00', '2019-11-30 00:00:00', 0),
(714, 23, 9, 9, 175, '2019-11-30 00:00:00', '2019-11-30 00:00:00', 0),
(715, 29, 4, 5, 176, '2019-11-30 00:00:00', '2019-11-30 00:00:00', 0),
(716, 4, 10, 7, 176, '2019-11-30 00:00:00', '2019-11-30 00:00:00', 0),
(717, 43, 7, 5, 176, '2019-11-30 00:00:00', '2019-11-30 00:00:00', 0),
(718, 42, 6, 10, 176, '2019-11-30 00:00:00', '2019-11-30 00:00:00', 0),
(719, 19, 1, 8, 176, '2019-11-30 00:00:00', '2019-11-30 00:00:00', 0),
(720, 41, 6, 7, 176, '2019-11-30 00:00:00', '2019-11-30 00:00:00', 0),
(721, 24, 4, 7, 177, '2019-11-30 00:00:00', '2019-11-30 00:00:00', 0),
(722, 49, 4, 10, 177, '2019-11-30 00:00:00', '2019-11-30 00:00:00', 0),
(723, 10, 10, 6, 177, '2019-11-30 00:00:00', '2019-11-30 00:00:00', 0),
(724, 30, 10, 7, 177, '2019-11-30 00:00:00', '2019-11-30 00:00:00', 0),
(725, 8, 10, 5, 178, '2019-11-30 00:00:00', '2019-11-30 00:00:00', 0),
(726, 22, 5, 9, 178, '2019-11-30 00:00:00', '2019-11-30 00:00:00', 0),
(727, 45, 4, 10, 178, '2019-11-30 00:00:00', '2019-11-30 00:00:00', 0),
(728, 33, 8, 10, 179, '2019-11-30 00:00:00', '2019-11-30 00:00:00', 0),
(729, 7, 10, 9, 179, '2019-11-30 00:00:00', '2019-11-30 00:00:00', 0);
INSERT INTO `sales` (`id`, `product_id`, `quantity`, `discount`, `invoice_id`, `created_at`, `updated_at`, `deleted`) VALUES
(730, 8, 1, 8, 180, '2019-11-30 00:00:00', '2019-11-30 00:00:00', 0),
(731, 32, 8, 9, 180, '2019-11-30 00:00:00', '2019-11-30 00:00:00', 0),
(732, 43, 4, 10, 180, '2019-11-30 00:00:00', '2019-11-30 00:00:00', 0),
(733, 2, 1, 7, 180, '2019-11-30 00:00:00', '2019-11-30 00:00:00', 0),
(734, 7, 1, 5, 180, '2019-11-30 00:00:00', '2019-11-30 00:00:00', 0),
(735, 33, 3, 5, 181, '2019-11-30 00:00:00', '2019-11-30 00:00:00', 0),
(736, 14, 5, 5, 181, '2019-11-30 00:00:00', '2019-11-30 00:00:00', 0),
(737, 50, 10, 6, 181, '2019-11-30 00:00:00', '2019-11-30 00:00:00', 0),
(738, 41, 2, 9, 181, '2019-11-30 00:00:00', '2019-11-30 00:00:00', 0),
(739, 16, 6, 9, 181, '2019-11-30 00:00:00', '2019-11-30 00:00:00', 0),
(740, 19, 2, 8, 181, '2019-11-30 00:00:00', '2019-11-30 00:00:00', 0),
(741, 43, 1, 8, 182, '2019-11-30 00:00:00', '2019-11-30 00:00:00', 0),
(742, 14, 2, 10, 182, '2019-11-30 00:00:00', '2019-11-30 00:00:00', 0),
(743, 49, 8, 7, 182, '2019-11-30 00:00:00', '2019-11-30 00:00:00', 0),
(744, 29, 5, 10, 183, '2019-11-30 00:00:00', '2019-11-30 00:00:00', 0),
(745, 13, 8, 8, 183, '2019-11-30 00:00:00', '2019-11-30 00:00:00', 0),
(746, 47, 7, 7, 183, '2019-11-30 00:00:00', '2019-11-30 00:00:00', 0),
(747, 41, 1, 7, 184, '2019-11-30 00:00:00', '2019-11-30 00:00:00', 0),
(748, 49, 8, 5, 184, '2019-11-30 00:00:00', '2019-11-30 00:00:00', 0),
(749, 11, 9, 5, 184, '2019-11-30 00:00:00', '2019-11-30 00:00:00', 0),
(750, 48, 3, 8, 184, '2019-11-30 00:00:00', '2019-11-30 00:00:00', 0),
(751, 42, 1, 9, 184, '2019-11-30 00:00:00', '2019-11-30 00:00:00', 0),
(752, 5, 6, 6, 185, '2019-11-30 00:00:00', '2019-11-30 00:00:00', 0),
(753, 36, 3, 8, 185, '2019-11-30 00:00:00', '2019-11-30 00:00:00', 0),
(754, 6, 3, 10, 185, '2019-11-30 00:00:00', '2019-11-30 00:00:00', 0),
(755, 10, 8, 6, 185, '2019-11-30 00:00:00', '2019-11-30 00:00:00', 0),
(756, 23, 1, 9, 185, '2019-11-30 00:00:00', '2019-11-30 00:00:00', 0),
(757, 17, 4, 5, 186, '2019-11-30 00:00:00', '2019-11-30 00:00:00', 0),
(758, 5, 2, 7, 186, '2019-11-30 00:00:00', '2019-11-30 00:00:00', 0),
(759, 28, 5, 9, 186, '2019-11-30 00:00:00', '2019-11-30 00:00:00', 0),
(760, 29, 5, 10, 186, '2019-11-30 00:00:00', '2019-11-30 00:00:00', 0),
(761, 27, 7, 6, 186, '2019-11-30 00:00:00', '2019-11-30 00:00:00', 0),
(762, 12, 6, 10, 186, '2019-11-30 00:00:00', '2019-11-30 00:00:00', 0),
(763, 38, 8, 5, 187, '2019-11-30 00:00:00', '2019-11-30 00:00:00', 0),
(764, 4, 5, 5, 187, '2019-11-30 00:00:00', '2019-11-30 00:00:00', 0),
(765, 43, 4, 9, 187, '2019-11-30 00:00:00', '2019-11-30 00:00:00', 0),
(766, 26, 4, 6, 187, '2019-11-30 00:00:00', '2019-11-30 00:00:00', 0),
(767, 10, 9, 10, 187, '2019-11-30 00:00:00', '2019-11-30 00:00:00', 0),
(768, 2, 5, 7, 188, '2019-12-31 00:00:00', '2019-12-31 00:00:00', 0),
(769, 46, 8, 8, 188, '2019-12-31 00:00:00', '2019-12-31 00:00:00', 0),
(770, 9, 1, 10, 189, '2019-12-31 00:00:00', '2019-12-31 00:00:00', 0),
(771, 30, 9, 5, 189, '2019-12-31 00:00:00', '2019-12-31 00:00:00', 0),
(772, 3, 10, 5, 189, '2019-12-31 00:00:00', '2019-12-31 00:00:00', 0),
(773, 33, 2, 10, 189, '2019-12-31 00:00:00', '2019-12-31 00:00:00', 0),
(774, 35, 7, 10, 190, '2019-12-31 00:00:00', '2019-12-31 00:00:00', 0),
(775, 23, 5, 8, 190, '2019-12-31 00:00:00', '2019-12-31 00:00:00', 0),
(776, 47, 3, 5, 190, '2019-12-31 00:00:00', '2019-12-31 00:00:00', 0),
(777, 23, 5, 7, 190, '2019-12-31 00:00:00', '2019-12-31 00:00:00', 0),
(778, 5, 2, 7, 190, '2019-12-31 00:00:00', '2019-12-31 00:00:00', 0),
(779, 22, 7, 6, 190, '2019-12-31 00:00:00', '2019-12-31 00:00:00', 0),
(780, 38, 4, 5, 191, '2019-12-31 00:00:00', '2019-12-31 00:00:00', 0),
(781, 44, 3, 8, 191, '2019-12-31 00:00:00', '2019-12-31 00:00:00', 0),
(782, 28, 5, 6, 191, '2019-12-31 00:00:00', '2019-12-31 00:00:00', 0),
(783, 24, 7, 7, 191, '2019-12-31 00:00:00', '2019-12-31 00:00:00', 0),
(784, 22, 10, 8, 191, '2019-12-31 00:00:00', '2019-12-31 00:00:00', 0),
(785, 7, 6, 5, 192, '2019-12-31 00:00:00', '2019-12-31 00:00:00', 0),
(786, 21, 8, 10, 192, '2019-12-31 00:00:00', '2019-12-31 00:00:00', 0),
(787, 25, 1, 5, 193, '2019-12-31 00:00:00', '2019-12-31 00:00:00', 0),
(788, 20, 10, 6, 193, '2019-12-31 00:00:00', '2019-12-31 00:00:00', 0),
(789, 41, 6, 8, 193, '2019-12-31 00:00:00', '2019-12-31 00:00:00', 0),
(790, 34, 1, 6, 193, '2019-12-31 00:00:00', '2019-12-31 00:00:00', 0),
(791, 16, 9, 8, 194, '2019-12-31 00:00:00', '2019-12-31 00:00:00', 0),
(792, 42, 10, 5, 194, '2019-12-31 00:00:00', '2019-12-31 00:00:00', 0),
(793, 32, 5, 10, 194, '2019-12-31 00:00:00', '2019-12-31 00:00:00', 0),
(794, 23, 8, 6, 194, '2019-12-31 00:00:00', '2019-12-31 00:00:00', 0),
(795, 21, 6, 5, 195, '2019-12-31 00:00:00', '2019-12-31 00:00:00', 0),
(796, 4, 9, 10, 195, '2019-12-31 00:00:00', '2019-12-31 00:00:00', 0),
(797, 40, 10, 9, 195, '2019-12-31 00:00:00', '2019-12-31 00:00:00', 0),
(798, 40, 5, 10, 195, '2019-12-31 00:00:00', '2019-12-31 00:00:00', 0),
(799, 32, 8, 6, 195, '2019-12-31 00:00:00', '2019-12-31 00:00:00', 0),
(800, 17, 8, 5, 196, '2019-12-31 00:00:00', '2019-12-31 00:00:00', 0),
(801, 7, 7, 9, 196, '2019-12-31 00:00:00', '2019-12-31 00:00:00', 0),
(802, 9, 5, 5, 197, '2019-12-31 00:00:00', '2019-12-31 00:00:00', 0),
(803, 18, 10, 7, 197, '2019-12-31 00:00:00', '2019-12-31 00:00:00', 0),
(804, 30, 4, 9, 197, '2019-12-31 00:00:00', '2019-12-31 00:00:00', 0),
(805, 20, 8, 8, 197, '2019-12-31 00:00:00', '2019-12-31 00:00:00', 0),
(806, 27, 6, 6, 197, '2019-12-31 00:00:00', '2019-12-31 00:00:00', 0),
(807, 31, 2, 10, 197, '2019-12-31 00:00:00', '2019-12-31 00:00:00', 0),
(808, 3, 7, 7, 198, '2019-12-31 00:00:00', '2019-12-31 00:00:00', 0),
(809, 16, 9, 8, 198, '2019-12-31 00:00:00', '2019-12-31 00:00:00', 0),
(810, 35, 6, 6, 199, '2019-12-31 00:00:00', '2019-12-31 00:00:00', 0),
(811, 30, 1, 7, 199, '2019-12-31 00:00:00', '2019-12-31 00:00:00', 0),
(812, 16, 10, 5, 199, '2019-12-31 00:00:00', '2019-12-31 00:00:00', 0),
(813, 21, 8, 8, 199, '2019-12-31 00:00:00', '2019-12-31 00:00:00', 0),
(814, 50, 5, 10, 199, '2019-12-31 00:00:00', '2019-12-31 00:00:00', 0),
(815, 14, 9, 10, 200, '2019-12-31 00:00:00', '2019-12-31 00:00:00', 0),
(816, 44, 8, 9, 200, '2019-12-31 00:00:00', '2019-12-31 00:00:00', 0),
(817, 25, 10, 8, 200, '2019-12-31 00:00:00', '2019-12-31 00:00:00', 0),
(818, 16, 1, 5, 200, '2019-12-31 00:00:00', '2019-12-31 00:00:00', 0),
(819, 12, 4, 10, 200, '2019-12-31 00:00:00', '2019-12-31 00:00:00', 0),
(860, 48, 10, 6, 201, '2019-12-31 00:00:00', '2019-12-31 00:00:00', 0),
(861, 12, 10, 6, 201, '2019-12-31 00:00:00', '2019-12-31 00:00:00', 0),
(862, 20, 7, 5, 201, '2019-12-31 00:00:00', '2019-12-31 00:00:00', 0),
(863, 10, 4, 7, 201, '2019-12-31 00:00:00', '2019-12-31 00:00:00', 0),
(864, 36, 7, 6, 201, '2019-12-31 00:00:00', '2019-12-31 00:00:00', 0),
(865, 2, 8, 10, 202, '2019-12-31 00:00:00', '2019-12-31 00:00:00', 0),
(866, 4, 6, 8, 202, '2019-12-31 00:00:00', '2019-12-31 00:00:00', 0),
(867, 28, 9, 9, 203, '2019-12-31 00:00:00', '2019-12-31 00:00:00', 0),
(868, 8, 1, 7, 203, '2019-12-31 00:00:00', '2019-12-31 00:00:00', 0),
(869, 12, 4, 5, 204, '2019-12-31 00:00:00', '2019-12-31 00:00:00', 0),
(870, 26, 9, 9, 204, '2019-12-31 00:00:00', '2019-12-31 00:00:00', 0),
(871, 5, 8, 10, 204, '2019-12-31 00:00:00', '2019-12-31 00:00:00', 0),
(872, 29, 2, 8, 204, '2019-12-31 00:00:00', '2019-12-31 00:00:00', 0),
(873, 31, 5, 6, 204, '2019-12-31 00:00:00', '2019-12-31 00:00:00', 0),
(874, 24, 7, 9, 205, '2019-12-31 00:00:00', '2019-12-31 00:00:00', 0),
(875, 40, 4, 6, 205, '2019-12-31 00:00:00', '2019-12-31 00:00:00', 0),
(876, 44, 8, 10, 205, '2019-12-31 00:00:00', '2019-12-31 00:00:00', 0),
(877, 29, 1, 7, 205, '2019-12-31 00:00:00', '2019-12-31 00:00:00', 0),
(878, 12, 8, 8, 205, '2019-12-31 00:00:00', '2019-12-31 00:00:00', 0),
(879, 26, 6, 10, 205, '2019-12-31 00:00:00', '2019-12-31 00:00:00', 0),
(880, 11, 8, 7, 206, '2019-12-31 00:00:00', '2019-12-31 00:00:00', 0),
(881, 33, 5, 5, 206, '2019-12-31 00:00:00', '2019-12-31 00:00:00', 0),
(882, 38, 3, 8, 206, '2019-12-31 00:00:00', '2019-12-31 00:00:00', 0),
(883, 37, 10, 9, 207, '2019-12-31 00:00:00', '2019-12-31 00:00:00', 0),
(884, 50, 1, 10, 207, '2019-12-31 00:00:00', '2019-12-31 00:00:00', 0),
(885, 29, 6, 8, 207, '2019-12-31 00:00:00', '2019-12-31 00:00:00', 0),
(886, 41, 6, 10, 208, '2019-12-31 00:00:00', '2019-12-31 00:00:00', 0),
(887, 28, 8, 8, 208, '2019-12-31 00:00:00', '2019-12-31 00:00:00', 0),
(888, 39, 9, 8, 208, '2019-12-31 00:00:00', '2019-12-31 00:00:00', 0),
(889, 49, 3, 9, 208, '2019-12-31 00:00:00', '2019-12-31 00:00:00', 0),
(890, 44, 10, 5, 208, '2019-12-31 00:00:00', '2019-12-31 00:00:00', 0),
(891, 12, 10, 10, 209, '2019-12-31 00:00:00', '2019-12-31 00:00:00', 0),
(892, 45, 9, 6, 209, '2019-12-31 00:00:00', '2019-12-31 00:00:00', 0),
(893, 39, 9, 6, 209, '2019-12-31 00:00:00', '2019-12-31 00:00:00', 0),
(894, 27, 6, 6, 210, '2019-12-31 00:00:00', '2019-12-31 00:00:00', 0),
(895, 48, 10, 9, 210, '2019-12-31 00:00:00', '2019-12-31 00:00:00', 0),
(896, 49, 9, 8, 210, '2019-12-31 00:00:00', '2019-12-31 00:00:00', 0),
(897, 6, 3, 8, 211, '2019-12-31 00:00:00', '2019-12-31 00:00:00', 0),
(898, 7, 1, 8, 211, '2019-12-31 00:00:00', '2019-12-31 00:00:00', 0),
(899, 40, 9, 9, 211, '2019-12-31 00:00:00', '2019-12-31 00:00:00', 0),
(900, 26, 10, 8, 211, '2019-12-31 00:00:00', '2019-12-31 00:00:00', 0),
(901, 3, 9, 6, 211, '2019-12-31 00:00:00', '2019-12-31 00:00:00', 0),
(902, 23, 3, 7, 212, '2019-12-31 00:00:00', '2019-12-31 00:00:00', 0),
(903, 48, 1, 8, 212, '2019-12-31 00:00:00', '2019-12-31 00:00:00', 0),
(904, 17, 5, 7, 212, '2019-12-31 00:00:00', '2019-12-31 00:00:00', 0),
(905, 16, 2, 7, 212, '2019-12-31 00:00:00', '2019-12-31 00:00:00', 0),
(906, 32, 5, 6, 212, '2019-12-31 00:00:00', '2019-12-31 00:00:00', 0),
(907, 26, 8, 5, 212, '2019-12-31 00:00:00', '2019-12-31 00:00:00', 0),
(908, 50, 1, 7, 213, '2019-12-31 00:00:00', '2019-12-31 00:00:00', 0),
(909, 41, 4, 10, 213, '2019-12-31 00:00:00', '2019-12-31 00:00:00', 0),
(910, 47, 6, 5, 213, '2019-12-31 00:00:00', '2019-12-31 00:00:00', 0),
(911, 35, 5, 9, 214, '2019-12-31 00:00:00', '2019-12-31 00:00:00', 0),
(912, 23, 7, 5, 214, '2019-12-31 00:00:00', '2019-12-31 00:00:00', 0),
(913, 49, 5, 7, 215, '2019-12-31 00:00:00', '2019-12-31 00:00:00', 0),
(914, 35, 7, 10, 215, '2019-12-31 00:00:00', '2019-12-31 00:00:00', 0),
(915, 41, 4, 10, 216, '2019-12-31 00:00:00', '2019-12-31 00:00:00', 0),
(916, 6, 10, 8, 216, '2019-12-31 00:00:00', '2019-12-31 00:00:00', 0),
(917, 6, 4, 7, 216, '2019-12-31 00:00:00', '2019-12-31 00:00:00', 0),
(918, 2, 5, 7, 216, '2019-12-31 00:00:00', '2019-12-31 00:00:00', 0),
(919, 5, 5, 9, 216, '2019-12-31 00:00:00', '2019-12-31 00:00:00', 0),
(920, 5, 6, 10, 216, '2019-12-31 00:00:00', '2019-12-31 00:00:00', 0),
(921, 2, 2, 10, 217, '2019-12-31 00:00:00', '2019-12-31 00:00:00', 0),
(922, 12, 1, 7, 217, '2019-12-31 00:00:00', '2019-12-31 00:00:00', 0),
(923, 6, 6, 6, 218, '2019-12-31 00:00:00', '2019-12-31 00:00:00', 0),
(924, 5, 2, 10, 218, '2019-12-31 00:00:00', '2019-12-31 00:00:00', 0),
(925, 16, 4, 6, 218, '2019-12-31 00:00:00', '2019-12-31 00:00:00', 0),
(926, 44, 9, 5, 218, '2019-12-31 00:00:00', '2019-12-31 00:00:00', 0),
(927, 13, 7, 7, 218, '2019-12-31 00:00:00', '2019-12-31 00:00:00', 0),
(928, 34, 1, 10, 219, '2019-12-31 00:00:00', '2019-12-31 00:00:00', 0),
(929, 12, 3, 6, 219, '2019-12-31 00:00:00', '2019-12-31 00:00:00', 0),
(930, 26, 7, 5, 219, '2019-12-31 00:00:00', '2019-12-31 00:00:00', 0),
(931, 22, 4, 6, 219, '2019-12-31 00:00:00', '2019-12-31 00:00:00', 0),
(932, 19, 4, 10, 220, '2019-12-31 00:00:00', '2019-12-31 00:00:00', 0),
(933, 27, 4, 9, 220, '2019-12-31 00:00:00', '2019-12-31 00:00:00', 0),
(934, 30, 4, 8, 220, '2019-12-31 00:00:00', '2019-12-31 00:00:00', 0),
(935, 39, 9, 5, 220, '2019-12-31 00:00:00', '2019-12-31 00:00:00', 0),
(936, 50, 9, 7, 220, '2019-12-31 00:00:00', '2019-12-31 00:00:00', 0),
(937, 11, 8, 6, 220, '2019-12-31 00:00:00', '2019-12-31 00:00:00', 0),
(938, 33, 8, 7, 221, '2019-12-31 00:00:00', '2019-12-31 00:00:00', 0),
(939, 23, 1, 8, 221, '2019-12-31 00:00:00', '2019-12-31 00:00:00', 0),
(940, 11, 6, 7, 222, '2019-12-31 00:00:00', '2019-12-31 00:00:00', 0),
(941, 23, 9, 8, 222, '2019-12-31 00:00:00', '2019-12-31 00:00:00', 0),
(942, 39, 9, 6, 223, '2019-12-31 00:00:00', '2019-12-31 00:00:00', 0),
(943, 13, 2, 9, 223, '2019-12-31 00:00:00', '2019-12-31 00:00:00', 0),
(944, 40, 9, 8, 224, '2019-12-31 00:00:00', '2019-12-31 00:00:00', 0),
(945, 49, 8, 6, 224, '2019-12-31 00:00:00', '2019-12-31 00:00:00', 0),
(946, 5, 4, 5, 224, '2019-12-31 00:00:00', '2019-12-31 00:00:00', 0),
(947, 12, 8, 10, 224, '2019-12-31 00:00:00', '2019-12-31 00:00:00', 0),
(948, 42, 9, 10, 224, '2019-12-31 00:00:00', '2019-12-31 00:00:00', 0),
(949, 27, 2, 8, 224, '2019-12-31 00:00:00', '2019-12-31 00:00:00', 0),
(950, 31, 10, 8, 225, '2019-12-31 00:00:00', '2019-12-31 00:00:00', 0),
(951, 12, 2, 8, 225, '2019-12-31 00:00:00', '2019-12-31 00:00:00', 0),
(952, 20, 1, 6, 226, '2019-12-31 00:00:00', '2019-12-31 00:00:00', 0),
(953, 19, 4, 7, 226, '2019-12-31 00:00:00', '2019-12-31 00:00:00', 0),
(954, 16, 2, 5, 226, '2019-12-31 00:00:00', '2019-12-31 00:00:00', 0),
(955, 12, 4, 5, 226, '2019-12-31 00:00:00', '2019-12-31 00:00:00', 0),
(956, 36, 5, 9, 227, '2019-12-31 00:00:00', '2019-12-31 00:00:00', 0),
(957, 43, 6, 8, 227, '2019-12-31 00:00:00', '2019-12-31 00:00:00', 0),
(958, 32, 10, 10, 227, '2019-12-31 00:00:00', '2019-12-31 00:00:00', 0),
(959, 15, 1, 10, 227, '2019-12-31 00:00:00', '2019-12-31 00:00:00', 0),
(960, 33, 3, 8, 227, '2019-12-31 00:00:00', '2019-12-31 00:00:00', 0),
(961, 12, 5, 6, 227, '2019-12-31 00:00:00', '2019-12-31 00:00:00', 0),
(962, 49, 9, 6, 228, '2019-12-31 00:00:00', '2019-12-31 00:00:00', 0),
(963, 45, 8, 8, 228, '2019-12-31 00:00:00', '2019-12-31 00:00:00', 0),
(964, 46, 8, 9, 229, '2019-12-31 00:00:00', '2019-12-31 00:00:00', 0),
(965, 42, 10, 6, 229, '2019-12-31 00:00:00', '2019-12-31 00:00:00', 0),
(966, 9, 7, 7, 229, '2019-12-31 00:00:00', '2019-12-31 00:00:00', 0),
(967, 12, 5, 10, 229, '2019-12-31 00:00:00', '2019-12-31 00:00:00', 0),
(968, 16, 8, 6, 229, '2019-12-31 00:00:00', '2019-12-31 00:00:00', 0),
(969, 12, 6, 9, 230, '2019-12-31 00:00:00', '2019-12-31 00:00:00', 0),
(970, 10, 6, 6, 230, '2019-12-31 00:00:00', '2019-12-31 00:00:00', 0),
(971, 10, 4, 6, 231, '2019-12-31 00:00:00', '2019-12-31 00:00:00', 0),
(972, 11, 8, 7, 231, '2019-12-31 00:00:00', '2019-12-31 00:00:00', 0),
(973, 13, 4, 6, 231, '2019-12-31 00:00:00', '2019-12-31 00:00:00', 0),
(974, 18, 3, 9, 231, '2019-12-31 00:00:00', '2019-12-31 00:00:00', 0),
(975, 20, 2, 7, 232, '2019-12-31 00:00:00', '2019-12-31 00:00:00', 0),
(976, 42, 2, 5, 232, '2019-12-31 00:00:00', '2019-12-31 00:00:00', 0),
(977, 46, 6, 5, 232, '2019-12-31 00:00:00', '2019-12-31 00:00:00', 0),
(978, 6, 7, 10, 232, '2019-12-31 00:00:00', '2019-12-31 00:00:00', 0),
(979, 13, 2, 8, 233, '2019-12-31 00:00:00', '2019-12-31 00:00:00', 0),
(980, 4, 4, 10, 233, '2019-12-31 00:00:00', '2019-12-31 00:00:00', 0),
(981, 3, 10, 6, 234, '2019-12-31 00:00:00', '2019-12-31 00:00:00', 0),
(982, 36, 1, 6, 234, '2019-12-31 00:00:00', '2019-12-31 00:00:00', 0),
(983, 19, 7, 9, 234, '2019-12-31 00:00:00', '2019-12-31 00:00:00', 0),
(984, 18, 4, 6, 234, '2019-12-31 00:00:00', '2019-12-31 00:00:00', 0),
(985, 47, 4, 9, 235, '2019-12-31 00:00:00', '2019-12-31 00:00:00', 0),
(986, 47, 5, 8, 235, '2019-12-31 00:00:00', '2019-12-31 00:00:00', 0),
(987, 38, 7, 7, 236, '2019-12-31 00:00:00', '2019-12-31 00:00:00', 0),
(988, 17, 3, 9, 236, '2019-12-31 00:00:00', '2019-12-31 00:00:00', 0),
(989, 27, 9, 10, 236, '2019-12-31 00:00:00', '2019-12-31 00:00:00', 0),
(990, 37, 3, 10, 236, '2019-12-31 00:00:00', '2019-12-31 00:00:00', 0),
(991, 4, 2, 6, 236, '2019-12-31 00:00:00', '2019-12-31 00:00:00', 0),
(992, 24, 6, 8, 237, '2019-12-31 00:00:00', '2019-12-31 00:00:00', 0),
(993, 32, 1, 6, 237, '2019-12-31 00:00:00', '2019-12-31 00:00:00', 0),
(994, 25, 2, 8, 237, '2019-12-31 00:00:00', '2019-12-31 00:00:00', 0),
(995, 13, 4, 6, 237, '2019-12-31 00:00:00', '2019-12-31 00:00:00', 0),
(996, 39, 3, 5, 237, '2019-12-31 00:00:00', '2019-12-31 00:00:00', 0),
(997, 29, 5, 6, 238, '2019-12-31 00:00:00', '2019-12-31 00:00:00', 0),
(998, 33, 7, 7, 238, '2019-12-31 00:00:00', '2019-12-31 00:00:00', 0),
(999, 43, 9, 7, 238, '2019-12-31 00:00:00', '2019-12-31 00:00:00', 0),
(1000, 10, 6, 10, 238, '2019-12-31 00:00:00', '2019-12-31 00:00:00', 0),
(1001, 16, 1, 6, 238, '2019-12-31 00:00:00', '2019-12-31 00:00:00', 0),
(1002, 43, 4, 9, 239, '2019-12-31 00:00:00', '2019-12-31 00:00:00', 0),
(1003, 37, 2, 8, 239, '2019-12-31 00:00:00', '2019-12-31 00:00:00', 0),
(1004, 45, 9, 10, 240, '2019-12-31 00:00:00', '2019-12-31 00:00:00', 0),
(1005, 48, 2, 10, 240, '2019-12-31 00:00:00', '2019-12-31 00:00:00', 0),
(1006, 16, 7, 7, 240, '2019-12-31 00:00:00', '2019-12-31 00:00:00', 0),
(1007, 18, 6, 9, 240, '2019-12-31 00:00:00', '2019-12-31 00:00:00', 0),
(1008, 49, 4, 6, 240, '2019-12-31 00:00:00', '2019-12-31 00:00:00', 0),
(1009, 2, 9, 8, 240, '2019-12-31 00:00:00', '2019-12-31 00:00:00', 0),
(1010, 32, 6, 7, 241, '2019-12-31 00:00:00', '2019-12-31 00:00:00', 0),
(1011, 40, 3, 6, 241, '2019-12-31 00:00:00', '2019-12-31 00:00:00', 0),
(1012, 20, 4, 10, 241, '2019-12-31 00:00:00', '2019-12-31 00:00:00', 0),
(1013, 12, 5, 6, 241, '2019-12-31 00:00:00', '2019-12-31 00:00:00', 0),
(1014, 30, 6, 7, 241, '2019-12-31 00:00:00', '2019-12-31 00:00:00', 0),
(1015, 19, 10, 8, 242, '2019-12-31 00:00:00', '2019-12-31 00:00:00', 0),
(1016, 33, 3, 8, 242, '2019-12-31 00:00:00', '2019-12-31 00:00:00', 0),
(1017, 47, 8, 10, 242, '2019-12-31 00:00:00', '2019-12-31 00:00:00', 0),
(1018, 32, 10, 6, 242, '2019-12-31 00:00:00', '2019-12-31 00:00:00', 0),
(1019, 11, 9, 8, 242, '2019-12-31 00:00:00', '2019-12-31 00:00:00', 0),
(1020, 2, 1, 0, 248, '2020-06-02 22:24:39', '2020-06-02 22:24:39', 0),
(1021, 21, 1, 0, 249, '2020-06-02 22:26:19', '2020-06-02 22:26:19', 0),
(1022, 62, 2, 0, 250, '2020-06-03 00:08:00', '2020-06-03 00:08:00', 0),
(1023, 1, 1, 10, 251, '2020-06-04 09:59:06', '2020-06-04 09:59:06', 0),
(1024, 17, 1, 10, 252, '2020-06-04 23:37:33', '2020-06-04 23:37:33', 0),
(1025, 7, -1, 0, 254, '2020-06-05 11:44:55', '2020-06-05 11:44:55', 0),
(1026, 8, 1, 3, 255, '2020-06-05 11:58:51', '2020-06-05 11:58:51', 0),
(1027, 3, 1, 0, 257, '2020-06-05 12:18:45', '2020-06-05 12:18:45', 0),
(1028, 16, 1, 0, 258, '2020-06-06 13:57:35', '2020-06-06 13:57:35', 0),
(1029, 17, 1, 0, 259, '2020-06-06 13:59:00', '2020-06-06 13:59:00', 0),
(1030, 12, 1, 0, 260, '2020-06-06 14:00:25', '2020-06-06 14:00:25', 0),
(1031, 1, 1, 0, 261, '2020-06-06 14:05:56', '2020-06-06 14:05:56', 0),
(1032, 1, 1, 0, 262, '2020-06-06 14:42:57', '2020-06-06 14:42:57', 0),
(1033, 7, 2, 0, 263, '2020-06-06 14:43:08', '2020-06-06 14:43:08', 0),
(1034, 1, 1, 2, 264, '2020-06-12 18:40:18', '2020-06-12 18:40:18', 0),
(1035, 1, 1, 2, 265, '2020-06-12 18:48:40', '2020-06-12 18:48:40', 0);

-- --------------------------------------------------------

--
-- Table structure for table `suppliers`
--

CREATE TABLE `suppliers` (
  `id` int(11) NOT NULL,
  `first_name` varchar(25) NOT NULL,
  `last_name` varchar(25) NOT NULL,
  `gst_no` varchar(15) NOT NULL,
  `phone_no` varchar(15) NOT NULL,
  `email_id` varchar(40) NOT NULL,
  `company_name` varchar(25) NOT NULL,
  `deleted` int(6) NOT NULL DEFAULT 0,
  `created_at` datetime NOT NULL DEFAULT current_timestamp(),
  `updated_at` datetime NOT NULL DEFAULT current_timestamp()
) ENGINE=InnoDB DEFAULT CHARSET=latin1;

--
-- Dumping data for table `suppliers`
--

INSERT INTO `suppliers` (`id`, `first_name`, `last_name`, `gst_no`, `phone_no`, `email_id`, `company_name`, `deleted`, `created_at`, `updated_at`) VALUES
(1, 'Vignesh', 'Sundaram', '27BAADE1112A2Z5', '9769485187', 'vigneshs41@gmail.com', 'AMAX Information', 0, '2020-01-01 17:33:07', '2020-01-01 17:33:07'),
(2, 'Nikhil', 'Hassanandani', '27BAADE1113A2Z5', '9004583616', 'nik1211@outlook.com', 'Antec', 0, '2020-01-01 17:33:07', '2020-01-01 17:33:07'),
(3, 'Robin', 'Kuriakose', '27BAADE1114A2Z5', '9764267160', 'minisusan@gmail.com', 'AOpen', 0, '2020-01-01 17:33:07', '2020-01-01 17:33:07'),
(4, 'Ishan', 'Shah', '27BAADE1115A2Z5', '9920860358', 'ishan19496@gmail.com', 'Zalman', 0, '2020-01-01 17:33:07', '2020-01-01 17:33:07'),
(5, 'Akanksha', 'Chavan', '27BAADE1116A2Z5', '9664772956', 'akankshachavan5596@gmail.com', 'XFX', 0, '2020-01-01 17:33:07', '2020-01-01 17:33:07'),
(6, 'Chaitanya', 'Bendre', '27BAADE1117A2Z5', '9022422210', 'chaitanyabendre123@gmail.com', 'Ultra Products', 0, '2020-01-01 17:33:07', '2020-01-01 17:33:07'),
(7, 'Pranav', 'Subramanian', '27BAADE1118A2Z5', '9619099702', 'pranav.iger01@gmail.com', 'Thermaltake', 0, '2020-01-01 17:33:08', '2020-01-01 17:33:08'),
(8, 'Viral', 'Parmar', '27BAADE1119A2Z5', '9022218185', 'viralparmar71@gmail.com', 'SilverStone Technology', 0, '2020-01-01 17:33:08', '2020-01-01 17:33:08'),
(9, 'Siddhanth', 'Shetty', '27BAADE1120A2Z5', '9004546581', 'siddhanth076226@gmail.com', 'Shuttle', 0, '2020-01-01 17:33:08', '2020-01-01 17:33:08'),
(10, 'Ameya', 'Hardikar', '27BAADE1121A2Z5', '9004841033', 'dixithardikarameya@yahoo.com', 'Seasonic', 0, '2020-01-01 17:33:08', '2020-01-01 17:33:08'),
(11, 'Ninad', 'Mundhe', '27BAADE1122A2Z5', '9967733469', 'ninadmundhe@rediffmail.com', 'Rosewill', 0, '2020-01-01 17:33:08', '2020-01-01 17:33:08'),
(12, 'Aditya', 'Moon', '27BAADE1123A2Z5', '9768882829', 'adityamoon1@gmail.com', 'Razer', 0, '2020-01-01 17:33:08', '2020-01-01 17:33:08'),
(13, 'Pratik', 'Yadav', '27BAADE1124A2Z5', '7208186376', 'ypratik10@gmail.com', 'Phanteks', 0, '2020-01-01 17:33:08', '2020-01-01 17:33:08'),
(14, 'Viraj', 'Doshi', '27BAADE1125A2Z5', '9619693430', 'viraj.doshi@gmail.com', 'APEVIA', 0, '2020-01-01 17:33:08', '2020-01-01 17:33:08'),
(15, 'Summet', 'Doshi', '27BAADE1126A2Z5', '9702852914', 'sumeetdoshi400@gmail.com', 'ASRock', 0, '2020-01-01 17:33:08', '2020-01-01 17:33:08'),
(16, 'Vatsal', 'Shah', '27BAADE1127A2Z5', '9930274090', 'vatsal0396@gmail.com', 'Be quiet!', 0, '2020-01-01 17:33:08', '2020-01-01 17:33:08'),
(17, 'Meet', 'Mehta', '27BAADE1128A2Z5', '8291410232', 'mehta.meet96@gmail.com', 'Chassis Plans', 0, '2020-01-01 17:33:08', '2020-01-01 17:33:08'),
(18, 'Aman', 'Mishre', '27BAADE1129A2Z5', '9892867557', 'aman.mishre1105@gmail.com', 'NZXT', 0, '2020-01-01 17:33:08', '2020-01-01 17:33:08'),
(19, 'Karanpreet', 'Budhiraja', '27BAADE1130A2Z5', '2225933934', 'karanb37@gmail.com', 'MiTAC', 0, '2020-01-01 17:33:08', '2020-01-01 17:33:08'),
(20, 'Amit', 'Parmar', '27BAADE1131A2Z5', '8898449046', 'parmaramit03@gmail.com', 'MSI', 0, '2020-01-01 17:33:08', '2020-01-01 17:33:08'),
(21, 'Karan', 'Maru', '27BAADE1132A2Z5', '8976264756', 'karan.maru@gmail.com', 'Lian Li', 0, '2020-01-01 17:33:08', '2020-01-01 17:33:08'),
(22, 'Yuvraj', 'Gawade', '27BAADE1133A2Z5', '9619946165', 'yuvi.bboy@gmail.com', 'Lenovo', 0, '2020-01-01 17:33:08', '2020-01-01 17:33:08'),
(23, 'Bhavesh', 'Gaba', '27BAADE1134A2Z5', '9619378222', 'bgaba0@gmail.com', 'InWin', 0, '2020-01-01 17:33:08', '2020-01-01 17:33:08'),
(24, 'Hitesh', 'Khatwani', '27BAADE1135A2Z5', '7738532632', 'hiteshkhatwani610@yahoo.com', 'Cooler Master', 0, '2020-01-01 17:33:08', '2020-01-01 17:33:08'),
(25, 'Runal', 'More', '27BAADE1136A2Z5', '9869505065', 'rockingrunal@gmail.com', 'Corsair Components', 0, '2020-01-01 17:33:08', '2020-01-01 17:33:08'),
(26, 'Sumeet', 'Chavan', '27BAADE1137A2Z5', '8108929656', 'sanjay@negisign.com', 'Dell', 0, '2020-01-01 17:33:08', '2020-01-01 17:33:08'),
(27, 'Maitri', 'Tank', '27BAADE1138A2Z5', '9867560902', 'tank_ramnik@yahoo.co.in', 'Deepcool', 0, '2020-01-01 17:33:08', '2020-01-01 17:33:08'),
(28, 'Dhum', 'Vijay', '27BAADE1139A2Z5', '8692085402', 'vijay.dhum22@rediffmail.com', 'DFI', 0, '2020-01-01 17:33:08', '2020-01-01 17:33:08'),
(29, 'Kunal', 'Hile', '27BAADE1140A2Z5', '9819324622', 'kunal.hile@gmail.com', 'Intel', 0, '2020-01-01 17:33:08', '2020-01-01 17:33:08'),
(30, 'Roshan', 'Sakpal', '27BAADE1141A2Z5', '9769069674', 'roshusakpal@yahoo.com', 'IBall', 0, '2020-01-01 17:33:08', '2020-01-01 17:33:08');

--
-- Indexes for dumped tables
--

--
-- Indexes for table `address`
--
ALTER TABLE `address`
  ADD PRIMARY KEY (`id`);

--
-- Indexes for table `address_customer`
--
ALTER TABLE `address_customer`
  ADD PRIMARY KEY (`id`);

--
-- Indexes for table `address_supplier`
--
ALTER TABLE `address_supplier`
  ADD PRIMARY KEY (`id`);

--
-- Indexes for table `category`
--
ALTER TABLE `category`
  ADD PRIMARY KEY (`id`);

--
-- Indexes for table `cheque_details`
--
ALTER TABLE `cheque_details`
  ADD PRIMARY KEY (`id`);

--
-- Indexes for table `customers`
--
ALTER TABLE `customers`
  ADD PRIMARY KEY (`id`);

--
-- Indexes for table `employees`
--
ALTER TABLE `employees`
  ADD PRIMARY KEY (`id`);

--
-- Indexes for table `gst`
--
ALTER TABLE `gst`
  ADD PRIMARY KEY (`id`);

--
-- Indexes for table `invoice`
--
ALTER TABLE `invoice`
  ADD PRIMARY KEY (`id`);

--
-- Indexes for table `payments`
--
ALTER TABLE `payments`
  ADD PRIMARY KEY (`id`);

--
-- Indexes for table `products`
--
ALTER TABLE `products`
  ADD PRIMARY KEY (`id`);

--
-- Indexes for table `products_selling_rate`
--
ALTER TABLE `products_selling_rate`
  ADD PRIMARY KEY (`id`);

--
-- Indexes for table `product_supplier`
--
ALTER TABLE `product_supplier`
  ADD PRIMARY KEY (`id`);

--
-- Indexes for table `purchases`
--
ALTER TABLE `purchases`
  ADD PRIMARY KEY (`id`);

--
-- Indexes for table `sales`
--
ALTER TABLE `sales`
  ADD PRIMARY KEY (`id`);

--
-- Indexes for table `suppliers`
--
ALTER TABLE `suppliers`
  ADD PRIMARY KEY (`id`);

--
-- AUTO_INCREMENT for dumped tables
--

--
-- AUTO_INCREMENT for table `address`
--
ALTER TABLE `address`
  MODIFY `id` int(11) NOT NULL AUTO_INCREMENT, AUTO_INCREMENT=68;

--
-- AUTO_INCREMENT for table `address_customer`
--
ALTER TABLE `address_customer`
  MODIFY `id` int(11) NOT NULL AUTO_INCREMENT, AUTO_INCREMENT=31;

--
-- AUTO_INCREMENT for table `address_supplier`
--
ALTER TABLE `address_supplier`
  MODIFY `id` int(11) NOT NULL AUTO_INCREMENT, AUTO_INCREMENT=32;

--
-- AUTO_INCREMENT for table `category`
--
ALTER TABLE `category`
  MODIFY `id` int(11) NOT NULL AUTO_INCREMENT, AUTO_INCREMENT=22;

--
-- AUTO_INCREMENT for table `cheque_details`
--
ALTER TABLE `cheque_details`
  MODIFY `id` int(11) NOT NULL AUTO_INCREMENT, AUTO_INCREMENT=144;

--
-- AUTO_INCREMENT for table `customers`
--
ALTER TABLE `customers`
  MODIFY `id` int(11) NOT NULL AUTO_INCREMENT, AUTO_INCREMENT=31;

--
-- AUTO_INCREMENT for table `employees`
--
ALTER TABLE `employees`
  MODIFY `id` int(11) NOT NULL AUTO_INCREMENT, AUTO_INCREMENT=7;

--
-- AUTO_INCREMENT for table `gst`
--
ALTER TABLE `gst`
  MODIFY `id` int(11) NOT NULL AUTO_INCREMENT, AUTO_INCREMENT=11;

--
-- AUTO_INCREMENT for table `invoice`
--
ALTER TABLE `invoice`
  MODIFY `id` int(11) NOT NULL AUTO_INCREMENT, AUTO_INCREMENT=266;

--
-- AUTO_INCREMENT for table `payments`
--
ALTER TABLE `payments`
  MODIFY `id` int(11) NOT NULL AUTO_INCREMENT, AUTO_INCREMENT=283;

--
-- AUTO_INCREMENT for table `products`
--
ALTER TABLE `products`
  MODIFY `id` int(11) NOT NULL AUTO_INCREMENT, AUTO_INCREMENT=4;

--
-- AUTO_INCREMENT for table `products_selling_rate`
--
ALTER TABLE `products_selling_rate`
  MODIFY `id` int(11) NOT NULL AUTO_INCREMENT, AUTO_INCREMENT=55;

--
-- AUTO_INCREMENT for table `product_supplier`
--
ALTER TABLE `product_supplier`
  MODIFY `id` int(11) NOT NULL AUTO_INCREMENT, AUTO_INCREMENT=3;

--
-- AUTO_INCREMENT for table `purchases`
--
ALTER TABLE `purchases`
  MODIFY `id` int(11) NOT NULL AUTO_INCREMENT, AUTO_INCREMENT=501;

--
-- AUTO_INCREMENT for table `sales`
--
ALTER TABLE `sales`
  MODIFY `id` int(11) NOT NULL AUTO_INCREMENT, AUTO_INCREMENT=1036;

--
-- AUTO_INCREMENT for table `suppliers`
--
ALTER TABLE `suppliers`
  MODIFY `id` int(11) NOT NULL AUTO_INCREMENT, AUTO_INCREMENT=32;
COMMIT;

/*!40101 SET CHARACTER_SET_CLIENT=@OLD_CHARACTER_SET_CLIENT */;
/*!40101 SET CHARACTER_SET_RESULTS=@OLD_CHARACTER_SET_RESULTS */;
/*!40101 SET COLLATION_CONNECTION=@OLD_COLLATION_CONNECTION */;
